T_outdoor_dry,Single_setpoint,T_outdoor_wet,T_waterMains,T_sky,People_count,Diffuse_solar_radiation,Direct_solar_radiation,Wind_speed,Relative_humidity
-6.675000000000001,21.0,-7.501232077173637,6.44111111111111,-21.6738493371015,1.0,0.0,0.0,2.675,80.0
-4.45,21.0,-5.251493881003516,6.44111111111111,-16.62904139724884,1.0,0.0,0.0,3.85,83.0
-2.225,21.0,-2.9705462787507635,6.44111111111111,-11.865450714563394,1.0,0.0,0.0,5.025,86.0
0.0,21.0,-0.654854965293464,6.44111111111111,-7.349013202905894,1.0,0.0,0.0,6.2,89.0
0.55,21.0,-0.1506377377097341,6.44111111111111,-6.6473766902308284,1.0,0.0,0.0,6.325,89.0
1.1,21.0,0.4210153259373443,6.44111111111111,-5.951238527387829,1.0,0.0,0.0,6.45,89.0
1.65,21.0,0.9544033111690668,6.44111111111111,-5.260499215095706,1.0,0.0,0.0,6.575,89.0
2.2,21.0,1.4876597239300655,6.44111111111111,-4.575062054595946,1.0,0.0,0.0,6.7,89.0
2.7750000000000004,21.0,2.045029352981006,6.44111111111111,-3.838379496488699,1.0,0.0,0.0,6.825,89.0
3.35,21.0,2.6022706685348997,6.44111111111111,-3.1076932316436228,1.0,0.0,0.0,6.95,89.0
3.925,21.0,3.159390837259401,6.44111111111111,-2.382890597548794,1.0,0.0,0.0,7.075,89.0
4.5,21.0,3.7164052211292,6.44111111111111,-1.663862222767705,1.0,0.0,0.0,7.2,89.0
5.05,21.0,4.1938809083827575,6.44111111111111,-0.9505018972183166,1.0,0.0,0.0,7.325,88.25
5.6,21.0,4.668741379486758,6.44111111111111,-0.2427064488608721,1.0,0.0,0.0,7.45,87.5
6.15,21.0,5.140952921020743,6.44111111111111,0.4596243735840062,1.0,0.0,0.0,7.575,86.75
6.7,21.0,5.610480865454084,6.44111111111111,1.1565880122405474,1.0,0.0,0.0,7.7,86.0
6.275,21.0,5.066609722062273,6.44111111111111,0.5671964896561121,1.0,0.0,0.0,7.7,84.25
5.85,21.0,4.526732274972432,6.44111111111111,-0.0260272043107647,1.0,0.0,0.0,7.7,82.5
5.425,21.0,3.9908874829056615,6.44111111111111,-0.6231417169047972,1.0,0.0,0.0,7.7,80.75
5.0,21.0,3.459099126093561,6.44111111111111,-1.224207118233778,1.0,0.0,0.0,7.7,79.0
4.725,21.0,2.940605225056241,6.44111111111111,-1.718969530544257,1.0,0.0,0.0,8.350000000000001,75.5
4.45,21.0,2.426252140196139,6.44111111111111,-2.2164523818444763,1.0,0.0,0.0,9.0,72.0
4.175,21.0,1.9161577698636527,6.44111111111111,-2.716690832728716,1.0,0.0,0.0,9.65,68.5
3.9,21.0,1.4104373566513857,6.44111111111111,-3.2197207632237905,1.0,0.0,0.0,10.3,65.0
3.35,21.0,0.9011048713422936,6.44111111111111,-3.894833041252866,1.0,0.0,0.0,11.325,64.75
2.8,21.0,0.3921636432976916,6.44111111111111,-4.575062054595946,1.0,0.0,0.0,12.35,64.5
2.25,21.0,-0.2711258297734328,6.44111111111111,-5.260499215095706,1.0,0.0,0.0,13.375,64.25
1.7,21.0,-0.7507332786503628,6.44111111111111,-5.951238527387829,1.0,0.0,0.0,14.4,64.0
0.7249999999999999,21.0,-1.672044044019262,6.44111111111111,-7.173083054661333,0.868852459016393,0.0,0.0,14.15,62.5
-0.2500000000000001,20.5,-2.600298291352373,6.44111111111111,-8.412002228312929,0.868852459016393,24.0,0.0,13.9,61.0
-1.225,20.5,-3.549482254171876,6.44111111111111,-9.668563395618378,0.868852459016393,41.75,0.25,13.65,59.5
-2.2,20.5,-4.491629920634353,6.44111111111111,-10.943364102196256,0.868852459016393,59.5,0.5,13.4,58.0
-2.75,20.5,-4.946122570045363,6.44111111111111,-11.55700424523485,0.409836065573771,77.25,0.75,13.0,58.5
-3.3000000000000003,20.5,-5.403308532283084,6.44111111111111,-12.17499343219106,0.409836065573771,95.0,1.0,12.6,59.0
-3.850000000000001,20.5,-5.863170034134102,6.44111111111111,-12.79740427001576,0.409836065573771,121.25,1.0,12.2,59.5
-4.4,20.5,-6.325681457983678,6.44111111111111,-13.424311288860224,0.409836065573771,147.5,1.0,11.8,60.0
-4.550000000000001,20.5,-6.556852742492076,6.44111111111111,-13.739474699907362,0.245901639344262,173.75,1.0,11.3,58.0
-4.7,20.5,-6.786525248119215,6.44111111111111,-14.05579101221764,0.245901639344262,200.0,1.0,10.8,56.0
-4.85,20.5,-7.014700884802209,6.44111111111111,-14.373270114731383,0.245901639344262,209.25,1.25,10.3,54.0
-5.0,20.5,-7.241377739375495,6.44111111111111,-14.691922030337082,0.245901639344262,218.5,1.5,9.8,52.0
-5.15,20.5,-7.311317276170826,6.44111111111111,-14.755794042619982,0.245901639344262,227.75,1.75,10.175,53.25
-5.3,20.5,-7.3825992394521744,6.44111111111111,-14.819713455291549,0.245901639344262,237.0,2.0,10.55,54.5
-5.449999999999999,20.5,-7.455201815136379,6.44111111111111,-14.88368035051161,0.245901639344262,249.0,1.75,10.925,55.75
-5.6,20.5,-7.529114908294599,6.44111111111111,-14.947694810664132,0.245901639344262,261.0,1.5,11.3,57.0
-5.725,20.5,-7.639173175859515,6.44111111111111,-15.140024407933424,0.245901639344262,273.0,1.25,11.05,57.0
-5.85,20.0,-7.749293437400929,6.44111111111111,-15.332785077096672,0.245901639344262,285.0,1.0,10.8,57.0
-5.975,20.0,-7.859476627887334,6.44111111111111,-15.525979079308629,0.245901639344262,277.75,24.0,10.55,57.0
-6.1,20.0,-7.969721883219827,6.44111111111111,-15.719608694418412,0.245901639344262,270.5,47.0,10.3,57.0
-5.824999999999999,20.0,-7.691796336436016,6.44111111111111,-15.784249099088072,0.245901639344262,263.25,70.0,10.175,57.75
-5.55,20.0,-7.413007553848817,6.44111111111111,-15.848938246060072,0.245901639344262,256.0,93.0,10.05,58.5
-5.275,20.0,-7.133330574999623,6.44111111111111,-15.913676221180651,0.245901639344262,226.5,278.25,9.925,59.25
-5.0,20.0,-6.852757635805779,6.44111111111111,-15.97846311053405,0.245901639344262,197.0,463.5,9.8,60.0
-4.575,20.0,-6.55867839766166,6.44111111111111,-16.62904139724884,0.245901639344262,167.5,648.75,9.275,58.25
-4.15,20.0,-6.269710799037655,6.44111111111111,-17.284607600902348,0.245901639344262,138.0,834.0,8.75,56.5
-3.725,20.0,-5.985979898257384,6.44111111111111,-17.94525187506025,0.245901639344262,136.75,760.0,8.225000000000001,54.75
-3.3,20.0,-5.707614162235795,6.44111111111111,-18.61106696063706,0.245901639344262,135.5,686.0,7.7,53.0
-3.3,20.0,-5.679898650302679,6.44111111111111,-18.544250067354252,0.245901639344262,134.25,612.0,8.350000000000001,53.5
-3.3,20.0,-5.652231888498889,6.44111111111111,-18.47748573752233,0.245901639344262,133.0,538.0,9.0,54.0
-3.3,20.0,-5.624615495340539,6.44111111111111,-18.41077387475775,0.245901639344262,125.75,489.5,9.65,54.5
-3.3,20.0,-5.597047682182787,6.44111111111111,-18.344114382954416,0.245901639344262,118.5,441.0,10.3,55.0
-3.3,20.0,-5.596301121080888,6.44111111111111,-18.344114382954416,0.245901639344262,111.25,392.5,9.925,55.0
-3.3,20.0,-5.595554949852834,6.44111111111111,-18.344114382954416,0.245901639344262,104.0,344.0,9.55,55.0
-3.3,20.0,-5.594809186192792,6.44111111111111,-18.344114382954416,0.245901639344262,85.5,371.75,9.175,55.0
-3.3,20.0,-5.594063803139251,6.44111111111111,-18.344114382954416,0.245901639344262,67.0,399.5,8.8,55.0
-3.575,20.0,-5.794694167276359,6.44111111111111,-19.147506049585477,0.295081967213115,48.5,427.25,8.275,55.75
-3.85,20.0,-5.996913261320097,6.44111111111111,-19.95859408558755,0.295081967213115,30.0,455.0,7.75,56.5
-4.125,20.0,-6.200700701694909,6.44111111111111,-20.777552756643928,0.295081967213115,23.5,353.0,7.225,57.25
-4.4,20.0,-6.406032497045637,6.44111111111111,-21.60456261041133,0.295081967213115,17.0,251.0,6.7,58.0
-4.825,20.0,-6.662442873522915,6.44111111111111,-22.23021591010837,0.540983606557377,0.0,0.0,6.050000000000001,60.5
-5.25,20.5,-6.9260047874903705,6.44111111111111,-22.860584617731035,0.540983606557377,0.0,0.0,5.4,63.0
-5.674999999999999,20.5,-7.196507932935423,6.44111111111111,-23.49575250020206,0.540983606557377,0.0,0.0,4.75,65.5
-6.1,20.5,-7.473755857352357,6.44111111111111,-24.13580568686021,0.540983606557377,0.0,0.0,4.1,68.0
-6.374999999999999,20.5,-7.66162328702416,6.44111111111111,-24.42186496924782,0.885245901639344,0.0,0.0,4.5,69.5
-6.65,20.5,-7.852003890874401,6.44111111111111,-24.708914651145108,0.885245901639344,0.0,0.0,4.9,71.0
-6.925000000000001,20.5,-8.044851426603293,6.44111111111111,-24.996962770626453,0.885245901639344,0.0,0.0,5.300000000000001,72.5
-7.2,20.5,-8.240116293624538,6.44111111111111,-25.286017468759184,0.885245901639344,0.0,0.0,5.7,74.0
-7.35,20.5,-8.38040368192333,6.44111111111111,-24.63705894288097,0.885245901639344,0.0,0.0,5.825,74.0
-7.5,21.0,-8.52073970005833,6.44111111111111,-23.993144961310406,0.885245901639344,0.0,0.0,5.95,74.0
-7.649999999999999,21.0,-8.661121736342595,6.44111111111111,-23.354184965290276,0.885245901639344,0.0,0.0,6.075,74.0
-7.8,21.0,-8.801557042138592,6.44111111111111,-22.72009092481335,0.885245901639344,0.0,0.0,6.2,74.0
-7.925,21.0,-8.889578363017176,6.44111111111111,-23.63756127510481,0.885245901639344,0.0,0.0,5.175000000000001,74.75
-8.05,21.0,-8.978126910286711,6.44111111111111,-24.565265510271075,0.885245901639344,0.0,0.0,4.15,75.5
-8.175,21.0,-9.067201093317184,6.44111111111111,-25.50347401601184,0.885245901639344,0.0,0.0,3.125,76.25
-8.3,21.0,-9.1567931212883,6.44111111111111,-26.452468576296862,0.885245901639344,0.0,0.0,2.1,77.0
-8.3,21.0,-9.184887011918168,6.44111111111111,-26.452468576296862,1.0,0.0,0.0,2.225,76.25
-8.3,21.0,-9.212990462512057,6.44111111111111,-26.452468576296862,1.0,0.0,0.0,2.35,75.5
-8.3,21.0,-9.241103415354589,6.44111111111111,-26.452468576296862,1.0,0.0,0.0,2.475,74.75
-8.3,21.0,-9.26922572279546,6.44111111111111,-26.452468576296862,1.0,0.0,0.0,2.6,74.0
-8.3,21.0,-9.240935066494542,6.44111111111111,-26.452468576296862,1.0,0.0,0.0,2.325,74.75
-8.3,21.0,-9.212665261769486,6.44111111111111,-26.452468576296862,1.0,0.0,0.0,2.05,75.5
-8.3,21.0,-9.184414740768606,6.44111111111111,-26.452468576296862,1.0,0.0,0.0,1.775,76.25
-8.3,21.0,-9.156183555693593,6.44111111111111,-26.452468576296862,1.0,0.0,0.0,1.5,77.0
-8.450000000000001,21.0,-9.29810571379024,6.44111111111111,-26.59944363790575,1.0,0.0,0.0,1.5,77.0
-8.600000000000001,21.0,-9.44006921048061,6.44111111111111,-26.746682017306853,1.0,0.0,0.0,1.5,77.0
-8.75,21.0,-9.582076533749785,6.44111111111111,-26.89418481789892,1.0,0.0,0.0,1.5,77.0
-8.9,21.0,-9.72412118632056,6.44111111111111,-27.04195315036381,1.0,0.0,0.0,1.5,77.0
-9.025,21.0,-9.842528931424562,6.41666666666667,-27.18998813273234,1.0,0.0,0.0,1.775,77.0
-9.15,21.0,-9.960965481998072,6.41666666666667,-27.338290890450622,1.0,0.0,0.0,2.05,77.0
-9.275,21.0,-10.079435593207467,6.41666666666667,-27.48686255644742,1.0,0.0,0.0,2.325,77.0
-9.4,21.0,-10.197934726193193,6.41666666666667,-27.635704271202,1.0,0.0,0.0,2.6,77.0
-9.4,21.0,-10.136683735290012,6.41666666666667,-27.561249586153195,1.0,0.0,0.0,2.475,78.75
-9.4,21.0,-10.07552348671806,6.41666666666667,-27.48686255644742,1.0,0.0,0.0,2.35,80.5
-9.4,21.0,-10.014450342931756,6.41666666666667,-27.412543038812004,1.0,0.0,0.0,2.225,82.25
-9.4,21.0,-9.953466106565042,6.41666666666667,-27.338290890450622,1.0,0.0,0.0,2.1,84.0
-9.4,21.0,-9.988303932936503,6.41666666666667,-27.412543038812004,1.0,0.0,0.0,2.225,83.0
-9.4,21.0,-10.02316907361316,6.41666666666667,-27.48686255644742,1.0,0.0,0.0,2.35,82.0
-9.4,21.0,-10.058064888708342,6.41666666666667,-27.561249586153195,1.0,0.0,0.0,2.475,81.0
-9.4,21.0,-10.092987988463236,6.41666666666667,-27.635704271202,1.0,0.0,0.0,2.6,80.0
-9.55,21.0,-10.201684665536812,6.41666666666667,-27.78481718281313,1.0,0.0,0.0,2.6,81.0
-9.7,21.0,-10.31112710796765,6.41666666666667,-27.934202447068373,1.0,0.0,0.0,2.6,82.0
-9.85,21.0,-10.421311462482263,6.41666666666667,-28.0838612275148,1.0,0.0,0.0,2.6,83.0
-10.0,21.0,-10.532226028253804,6.41666666666667,-28.233794695529923,1.0,0.0,0.0,2.6,84.0
-10.0,21.0,-10.498767332982911,6.41666666666667,-28.15879355205732,1.0,0.0,0.0,2.85,85.0
-10.0,21.0,-10.465334451716943,6.41666666666667,-28.0838612275148,1.0,0.0,0.0,3.1,86.0
-10.0,21.0,-10.43192753287544,6.41666666666667,-28.00899757474096,1.0,0.0,0.0,3.35,87.0
-10.0,21.0,-10.398548264160198,6.41666666666667,-27.934202447068373,1.0,0.0,0.0,3.6,88.0
-9.85,21.0,-10.345253491361706,6.41666666666667,-27.859475698321237,1.0,0.0,0.0,3.85,85.25
-9.7,21.0,-10.294032606041943,6.41666666666667,-27.78481718281313,1.0,0.0,0.0,4.1,82.5
-9.55,21.0,-10.244914335605364,6.41666666666667,-27.71022675534482,1.0,0.0,0.0,4.35,79.75
-9.4,21.0,-10.197934726193193,6.41666666666667,-27.635704271202,1.0,0.0,0.0,4.6,77.0
-9.825,21.0,-10.57553391419838,6.41666666666667,-27.635704271202,1.0,0.0,0.0,4.475,77.75
-10.25,21.0,-10.95494440174648,6.41666666666667,-27.635704271202,1.0,0.0,0.0,4.35,78.5
-10.675,21.0,-11.336120036164578,6.41666666666667,-27.635704271202,1.0,0.0,0.0,4.225,79.25
-11.1,21.0,-11.719035509347512,6.41666666666667,-27.635704271202,1.0,0.0,0.0,4.1,80.0
-10.975,21.0,-11.56788121468327,6.41666666666667,-27.11593724014432,0.868852459016393,0.0,0.0,4.225,81.0
-10.85,20.5,-11.416237462554424,6.41666666666667,-26.59944363790575,0.868852459016393,21.0,45.0,4.35,82.0
-10.725,20.5,-11.26409991572801,6.41666666666667,-26.086175761520764,0.868852459016393,35.5,109.5,4.475,83.0
-10.6,20.5,-11.11146988528493,6.41666666666667,-25.576086991411813,0.868852459016393,50.0,174.0,4.6,84.0
-10.45,20.5,-10.999102345045534,6.41666666666667,-25.430924857509662,0.409836065573771,64.5,238.5,4.6,83.0
-10.3,20.5,-10.887449323382192,6.41666666666667,-25.286017468759184,0.409836065573771,79.0,303.0,4.6,82.0
-10.15,20.5,-10.776517223580344,6.41666666666667,-25.141363784472333,0.409836065573771,96.5,283.5,4.6,81.0
-10.0,20.5,-10.666321362112171,6.41666666666667,-24.996962770626453,0.409836065573771,114.0,264.0,4.6,80.0
-9.575,20.5,-10.312120407315511,6.41666666666667,-24.565265510271075,0.245901639344262,131.5,244.5,4.75,78.5
-9.15,20.5,-9.961260961155942,6.41666666666667,-24.13580568686021,0.245901639344262,149.0,225.0,4.9,77.0
-8.725000000000001,20.5,-9.613833504948078,6.41666666666667,-23.708556427752228,0.245901639344262,156.5,297.25,5.050000000000001,75.5
-8.3,20.5,-9.269918888414022,6.41666666666667,-23.283491364033864,0.245901639344262,164.0,369.5,5.2,74.0
-7.475,20.5,-8.635800661907112,6.41666666666667,-22.509792705306324,0.245901639344262,171.5,441.75,5.325,70.5
-6.65,20.5,-8.018502638875006,6.41666666666667,-21.743193380826312,0.245901639344262,179.0,514.0,5.45,67.0
-5.825,20.5,-7.418886514847434,6.41666666666667,-20.98354322664397,0.245901639344262,175.0,549.5,5.575,63.5
-5.0,20.5,-6.837850433540515,6.41666666666667,-20.23069701051457,0.245901639344262,171.0,585.0,5.7,60.0
-4.175,20.5,-6.339352760214648,6.41666666666667,-19.687365623982856,0.245901639344262,167.0,620.5,6.075,55.25
-3.35,20.0,-5.868662659934594,6.41666666666667,-19.147506049585477,0.245901639344262,163.0,656.0,6.45,50.5
-2.525,20.0,-5.427441957674732,6.41666666666667,-18.61106696063706,0.245901639344262,164.25,673.5,6.825,45.75
-1.7,20.0,-5.017489603329593,6.41666666666667,-18.077998212879976,0.245901639344262,165.5,691.0,7.2,41.0
-1.275,20.0,-4.715760306187715,6.41666666666667,-17.74651992840674,0.245901639344262,166.75,708.5,7.2,40.25
-0.85,20.0,-4.417247817146691,6.41666666666667,-17.416327280275652,0.245901639344262,168.0,726.0,7.2,39.5
-0.425,20.0,-4.12200009647755,6.41666666666667,-17.087408693537668,0.245901639344262,170.75,678.5,7.2,38.75
0.0,20.0,-3.830063414510176,6.41666666666667,-16.759752756168382,0.245901639344262,173.5,631.0,7.2,38.0
0.275,20.0,-3.616631112945668,6.41666666666667,-16.30313430050029,0.245901639344262,176.25,583.5,7.2,38.0
0.55,20.0,-3.4039839435624355,6.41666666666667,-15.848938246060072,0.245901639344262,179.0,536.0,7.2,38.0
0.8250000000000001,20.0,-3.191876951604878,6.41666666666667,-15.397134817518976,0.245901639344262,184.25,446.75,7.2,38.0
1.1,20.0,-2.980307371915008,6.41666666666667,-14.947694810664132,0.245901639344262,189.5,357.5,7.2,38.0
0.675,20.0,-3.2226503228823664,6.41666666666667,-14.947694810664132,0.245901639344262,194.75,268.25,7.2,39.25
0.25,20.0,-3.469911376721616,6.41666666666667,-14.947694810664132,0.245901639344262,200.0,179.0,7.2,40.5
-0.1749999999999999,20.0,-3.726864381097912,6.41666666666667,-14.947694810664132,0.245901639344262,184.5,145.25,7.2,41.75
-0.6,20.0,-3.994950793328318,6.41666666666667,-14.947694810664132,0.245901639344262,169.0,111.5,7.2,43.0
-0.725,20.0,-4.004582792247907,6.41666666666667,-14.564319879412608,0.245901639344262,153.5,77.75,7.325,44.5
-0.8500000000000001,20.0,-4.01584824696906,6.41666666666667,-14.182642560143847,0.245901639344262,138.0,44.0,7.45,46.0
-0.975,20.0,-4.028725841837878,6.41666666666667,-13.80264541573132,0.245901639344262,118.0,39.5,7.575,47.5
-1.1,20.0,-4.043194159993002,6.41666666666667,-13.424311288860224,0.245901639344262,98.0,35.0,7.7,49.0
-1.25,20.0,-3.960594397218093,6.41666666666667,-13.047623295940127,0.295081967213115,78.0,30.5,7.45,52.5
-1.4,20.0,-3.88295357190052,6.41666666666667,-12.672564821184324,0.295081967213115,58.0,26.0,7.2,56.0
-1.5499999999999998,20.0,-3.810156928960858,6.41666666666667,-12.299119510850744,0.295081967213115,43.75,19.75,6.95,59.5
-1.7,20.0,-3.742086621814472,6.41666666666667,-11.927271267638332,0.295081967213115,29.5,13.5,6.7,63.0
-1.825,20.0,-3.8112242077674616,6.41666666666667,-11.55700424523485,0.540983606557377,0.0,0.0,7.075,63.75
-1.95,20.5,-3.881039548627815,6.41666666666667,-11.18830284301032,0.540983606557377,0.0,0.0,7.449999999999999,64.5
-2.075,20.5,-3.9515295004112847,6.41666666666667,-10.821151700852056,0.540983606557377,0.0,0.0,7.824999999999999,65.25
-2.2,20.5,-4.022686363326418,6.41666666666667,-10.455535694136302,0.540983606557377,0.0,0.0,8.2,66.0
-2.075,20.5,-3.867900484208752,6.41666666666667,-10.2732987033084,0.885245901639344,0.0,0.0,7.824999999999999,66.75
-1.95,20.5,-3.7126354135188073,6.41666666666667,-10.0914399288323,0.885245901639344,0.0,0.0,7.449999999999999,67.5
-1.825,20.5,-3.5568895032457424,6.41666666666667,-9.90995754420203,0.885245901639344,0.0,0.0,7.075,68.25
-1.7,20.5,-3.400662932082241,6.41666666666667,-9.728849736734674,0.885245901639344,0.0,0.0,6.7,69.0
-1.7,20.5,-3.3164294168664754,6.41666666666667,-9.668563395618378,0.885245901639344,0.0,0.0,6.7,70.5
-1.7,21.0,-3.2323981822522017,6.41666666666667,-9.608318407892057,0.885245901639344,0.0,0.0,6.7,72.0
-1.7,21.0,-3.148562814686711,6.41666666666667,-9.548114707428,0.885245901639344,0.0,0.0,6.7,73.5
-1.7,21.0,-3.064929334631652,6.41666666666667,-9.48795222826459,0.885245901639344,0.0,0.0,6.7,75.0
-1.825,21.0,-3.084419388440599,6.41666666666667,-9.548114707428,0.885245901639344,0.0,0.0,6.575,76.75
-1.95,21.0,-3.10549034148762,6.41666666666667,-9.608318407892057,0.885245901639344,0.0,0.0,6.45,78.5
-2.075,21.0,-3.1281225892237523,6.41666666666667,-9.668563395618378,0.885245901639344,0.0,0.0,6.325,80.25
-2.2,21.0,-3.152295409883992,6.41666666666667,-9.728849736734674,0.885245901639344,0.0,0.0,6.2,82.0
-2.2,21.0,-3.1120269330766583,6.41666666666667,-9.728849736734674,1.0,0.0,0.0,5.95,82.75
-2.2,21.0,-3.071807287955314,6.41666666666667,-9.728849736734674,1.0,0.0,0.0,5.7,83.5
-2.2,21.0,-3.0316425739002826,6.41666666666667,-9.728849736734674,1.0,0.0,0.0,5.45,84.25
-2.2,21.0,-2.991526703019027,6.41666666666667,-9.728849736734674,1.0,0.0,0.0,5.2,85.0
-2.075,21.0,-2.8717701994294345,6.41666666666667,-9.548114707428,1.0,0.0,0.0,5.45,85.0
-1.95,21.0,-2.7520275340192377,6.41666666666667,-9.36775067081993,1.0,0.0,0.0,5.7,85.0
-1.825,21.0,-2.6322958929317952,6.41666666666667,-9.187755854850195,1.0,0.0,0.0,5.95,85.0
-1.7,21.0,-2.5125740638567327,6.41666666666667,-9.008128500723217,1.0,0.0,0.0,6.2,85.0
-1.7,21.0,-2.457830309967517,6.41666666666667,-9.008128500723217,1.0,0.0,0.0,5.675000000000001,86.0
-1.7,21.0,-2.403168103958808,6.41666666666667,-9.008128500723217,1.0,0.0,0.0,5.15,87.0
-1.7,21.0,-2.348590440833311,6.41666666666667,-9.008128500723217,1.0,0.0,0.0,4.625,88.0
-1.7,21.0,-2.2940913786052444,6.41666666666667,-9.008128500723217,1.0,0.0,0.0,4.1,89.0
-1.5499999999999998,21.0,-2.203710566671877,6.39388888888889,-8.828866862773395,1.0,0.0,0.0,4.5,88.0
-1.4,21.0,-2.114304141029611,6.39388888888889,-8.649969208331584,1.0,0.0,0.0,4.9,87.0
-1.25,21.0,-2.025884799299726,6.39388888888889,-8.471433817593663,1.0,0.0,0.0,5.300000000000001,86.0
-1.1,21.0,-1.9384622925007648,6.39388888888889,-8.293258983490432,1.0,0.0,0.0,5.7,85.0
-0.975,21.0,-1.7619082030060058,6.39388888888889,-8.115443011559535,1.0,0.0,0.0,5.575,86.0
-0.8500000000000001,21.0,-1.584723160093112,6.39388888888889,-7.937984219818816,1.0,0.0,0.0,5.45,87.0
-0.725,21.0,-1.4069032929194545,6.39388888888889,-7.760880938641264,1.0,0.0,0.0,5.325,88.0
-0.6,21.0,-1.2284565123256384,6.39388888888889,-7.584131510631607,1.0,0.0,0.0,5.2,89.0
-0.4499999999999999,21.0,-1.0831286617020306,6.39388888888889,-7.407734290504436,1.0,0.0,0.0,4.800000000000001,89.0
-0.3,21.0,-0.937810214850252,6.39388888888889,-7.23168764496387,1.0,0.0,0.0,4.4,89.0
-0.15,21.0,-0.7925005367611831,6.39388888888889,-7.055989952584639,1.0,0.0,0.0,4.0,89.0
0.0,21.0,-0.6472021066267009,6.39388888888889,-6.880639603694988,1.0,0.0,0.0,3.6,89.0
0.15,21.0,-0.509151207061102,6.39388888888889,-6.705635000260486,1.0,0.0,0.0,3.6,89.0
0.3,21.0,-0.3717277746812476,6.39388888888889,-6.530974555770001,1.0,0.0,0.0,3.6,89.0
0.4499999999999999,21.0,-0.2344179781947851,6.39388888888889,-6.356656695122183,1.0,0.0,0.0,3.6,89.0
0.6,21.0,-0.0972187343899163,6.39388888888889,-6.1826798545142765,1.0,0.0,0.0,3.6,89.0
0.6,21.0,-0.1583887122709399,6.39388888888889,-6.240634339670748,1.0,0.0,0.0,3.6,88.0
0.6,21.0,-0.2197070416001137,6.39388888888889,-6.298626600705461,1.0,0.0,0.0,3.6,87.0
0.6,21.0,-0.2811742055117309,6.39388888888889,-6.356656695122183,1.0,0.0,0.0,3.6,86.0
0.6,21.0,-0.3427961568734201,6.39388888888889,-6.414724680562358,1.0,0.0,0.0,3.6,85.0
0.6,21.0,-0.2814164435953284,6.39388888888889,-6.356656695122183,1.0,0.0,0.0,2.7,86.0
0.6,21.0,-0.2201557664687947,6.39388888888889,-6.298626600705461,1.0,0.0,0.0,1.8,87.0
0.6,21.0,-0.1590112481399172,6.39388888888889,-6.240634339670748,1.0,0.0,0.0,0.9,88.0
0.6,21.0,-0.0979827626868808,6.39388888888889,-6.1826798545142765,1.0,0.0,0.0,0.0,89.0
0.6,21.0,-0.0979827626868808,6.39388888888889,-6.1826798545142765,1.0,0.0,0.0,0.0,89.0
0.6,21.0,-0.0979827626868808,6.39388888888889,-6.1826798545142765,1.0,0.0,0.0,0.0,89.0
0.6,21.0,-0.0979827626868808,6.39388888888889,-6.1826798545142765,1.0,0.0,0.0,0.0,89.0
0.6,21.0,-0.0979827626868808,6.39388888888889,-6.1826798545142765,1.0,0.0,0.0,0.0,89.0
0.725,21.0,0.064576287117856,6.39388888888889,-6.009042481331676,0.868852459016393,0.0,0.0,0.0,89.0
0.8500000000000001,21.0,0.1858521427842739,6.39388888888889,-5.835743034039126,0.868852459016393,15.0,3.0,0.0,89.0
0.975,21.0,0.3071183920150965,6.39388888888889,-5.662779982073232,0.868852459016393,23.25,6.25,0.0,89.0
1.1,21.0,0.4283799805359206,6.39388888888889,-5.490151805736218,0.868852459016393,31.5,9.5,0.0,89.0
1.1,21.0,0.4282780067548493,6.39388888888889,-5.490151805736218,0.409836065573771,39.75,12.75,0.375,89.0
1.1,21.0,0.4281779082717476,6.39388888888889,-5.490151805736218,0.409836065573771,48.0,16.0,0.75,89.0
1.1,21.0,0.4280770238370606,6.39388888888889,-5.490151805736218,0.409836065573771,65.0,13.75,1.125,89.0
1.1,21.0,0.4279753555296715,6.39388888888889,-5.490151805736218,0.409836065573771,82.0,11.5,1.5,89.0
1.1,21.0,0.4278729118476505,6.39388888888889,-5.490151805736218,0.245901639344262,99.0,9.25,1.5,89.0
1.1,21.0,0.4277723266527314,6.39388888888889,-5.490151805736218,0.245901639344262,116.0,7.0,1.5,89.0
1.1,21.0,0.4276709575864012,6.39388888888889,-5.490151805736218,0.245901639344262,119.5,7.5,1.5,89.0
1.1,21.0,0.4275688078448463,6.39388888888889,-5.490151805736218,0.245901639344262,123.0,8.0,1.5,89.0
1.1,21.0,0.3656912816506962,6.39388888888889,-5.547657416143238,0.245901639344262,126.5,8.5,2.425,88.0
1.1,21.0,0.3036898103786745,6.39388888888889,-5.605200122960184,0.245901639344262,130.0,9.0,3.35,87.0
1.1,21.0,0.2415587283409648,6.39388888888889,-5.662779982073232,0.245901639344262,140.75,7.25,4.275,86.0
1.1,21.0,0.1793030007994353,6.39388888888889,-5.720397049500946,0.245901639344262,151.5,5.5,5.2,85.0
1.1,21.0,0.2411693647770351,6.39388888888889,-5.662779982073232,0.245901639344262,162.25,3.75,4.925000000000001,86.0
1.1,21.0,0.3029661747493288,6.39388888888889,-5.605200122960184,0.245901639344262,173.0,2.0,4.65,87.0
1.1,21.0,0.3646932422680766,6.39388888888889,-5.547657416143238,0.245901639344262,169.5,3.0,4.375,88.0
1.1,21.0,0.4263504081248103,6.39388888888889,-5.490151805736218,0.245901639344262,166.0,4.0,4.1,89.0
1.25,21.0,0.5095490896390416,6.39388888888889,-5.375251651267035,0.245901639344262,162.5,5.0,4.225,88.0
1.4,21.0,0.5917803366082474,6.39388888888889,-5.260499215095706,0.245901639344262,159.0,6.0,4.35,87.0
1.5499999999999998,21.0,0.6730398225518446,6.39388888888889,-5.145894054857024,0.245901639344262,158.75,5.5,4.475,86.0
1.7,21.0,0.7533154244095152,6.39388888888889,-5.031435730263695,0.245901639344262,158.5,5.0,4.6,85.0
1.825,21.0,0.8728233953132238,6.39388888888889,-4.860022602159063,0.245901639344262,158.25,4.5,4.35,85.0
1.95,21.0,0.9923150552280718,6.39388888888889,-4.688937398378812,0.245901639344262,158.0,4.0,4.1,85.0
2.075,21.0,1.1117995084008774,6.39388888888889,-4.518178658852321,0.245901639344262,149.5,3.5,3.85,85.0
2.2,21.0,1.2312718720037257,6.39388888888889,-4.347744933698607,0.245901639344262,141.0,3.0,3.6,85.0
2.35,21.0,1.3748304365558146,6.39388888888889,-4.177634783129861,0.245901639344262,132.5,2.5,3.85,85.0
2.5,21.0,1.5183684722418656,6.39388888888889,-4.007846777355667,0.245901639344262,124.0,2.0,4.1,85.0
2.6499999999999995,21.0,1.6618991536263494,6.39388888888889,-3.838379496488699,0.245901639344262,130.0,1.75,4.35,85.0
2.8,21.0,1.8054132613476628,6.39388888888889,-3.6692315304515546,0.245901639344262,136.0,1.5,4.6,85.0
2.8,21.0,1.8724948693699213,6.39388888888889,-3.612919591641173,0.245901639344262,142.0,1.25,4.475,86.0
2.8,21.0,1.939463349756365,6.39388888888889,-3.556642924954815,0.245901639344262,148.0,1.0,4.35,87.0
2.8,21.0,2.0063187928284907,6.39388888888889,-3.5004014788841573,0.245901639344262,126.25,1.0,4.225,88.0
2.8,21.0,2.0730663166759515,6.39388888888889,-3.444195202039112,0.245901639344262,104.5,1.0,4.1,89.0
2.925,21.0,2.143817421517166,6.39388888888889,-3.331887951053204,0.295081967213115,82.75,1.0,4.1,88.25
3.05,21.0,2.2139467273437443,6.39388888888889,-3.2197207632237905,0.295081967213115,61.0,1.0,4.1,87.5
3.175,21.0,2.283447468675582,6.39388888888889,-3.1076932316436228,0.295081967213115,47.5,0.75,4.1,86.75
3.3,21.0,2.352322901299216,6.39388888888889,-2.995804951260141,0.295081967213115,34.0,0.5,4.1,86.0
3.45,21.0,2.5482766671900285,6.39388888888889,-2.7724445330765093,0.540983606557377,0.0,0.0,4.225,86.75
3.6,21.0,2.7447874523449967,6.39388888888889,-2.549636304907949,0.540983606557377,0.0,0.0,4.35,87.5
3.75,21.0,2.941849153684574,6.39388888888889,-2.32737709193566,0.540983606557377,0.0,0.0,4.475,88.25
3.9,21.0,3.139467273286896,6.39388888888889,-2.105663747930976,0.540983606557377,0.0,0.0,4.6,89.0
3.9,21.0,3.139359313631912,6.39388888888889,-2.105663747930976,0.885245901639344,0.0,0.0,4.6,89.0
3.9,21.0,3.139250410643069,6.39388888888889,-2.105663747930976,0.885245901639344,0.0,0.0,4.6,89.0
3.9,21.0,3.139145469388947,6.39388888888889,-2.105663747930976,0.885245901639344,0.0,0.0,4.6,89.0
3.9,21.0,3.1390396397035927,6.39388888888889,-2.105663747930976,0.885245901639344,0.0,0.0,4.6,89.0
4.175,21.0,3.405466589977804,6.39388888888889,-1.7741104232762268,0.885245901639344,0.0,0.0,4.875,89.0
4.45,21.0,3.671865486667118,6.39388888888889,-1.4437678889813697,0.885245901639344,0.0,0.0,5.15,89.0
4.725,21.0,3.938241548641151,6.39388888888889,-1.1146258778268816,0.885245901639344,0.0,0.0,5.425000000000001,89.0
5.0,21.0,4.204599045768863,6.39388888888889,-0.7866742587479507,0.885245901639344,0.0,0.0,5.7,89.0
5.15,21.0,4.294591286748321,6.39388888888889,-0.6231417169047972,0.885245901639344,0.0,0.0,5.7,88.25
5.3,21.0,4.383814125392656,6.39388888888889,-0.4599030343844106,0.885245901639344,0.0,0.0,5.7,87.5
5.449999999999999,21.0,4.472264352990188,6.39388888888889,-0.2969569820152173,0.885245901639344,0.0,0.0,5.7,86.75
5.6,21.0,4.55993227994624,6.39388888888889,-0.1343023386858135,0.885245901639344,0.0,0.0,5.7,86.0
5.449999999999999,21.0,4.472264352990188,6.39388888888889,-0.2969569820152173,1.0,0.0,0.0,5.825,86.75
5.3,21.0,4.383814125392656,6.39388888888889,-0.4599030343844106,1.0,0.0,0.0,5.95,87.5
5.15,21.0,4.294591286748321,6.39388888888889,-0.6231417169047972,1.0,0.0,0.0,6.075,88.25
5.0,21.0,4.204599045768863,6.39388888888889,-0.7866742587479507,1.0,0.0,0.0,6.2,89.0
5.15,21.0,4.294591286748321,6.39388888888889,-0.6231417169047972,1.0,0.0,0.0,6.45,88.25
5.3,21.0,4.383814125392656,6.39388888888889,-0.4599030343844106,1.0,0.0,0.0,6.7,87.5
5.449999999999999,21.0,4.472264352990188,6.39388888888889,-0.2969569820152173,1.0,0.0,0.0,6.95,86.75
5.6,21.0,4.55993227994624,6.39388888888889,-0.1343023386858135,1.0,0.0,0.0,7.2,86.0
5.6,21.0,4.5034022439876455,6.39388888888889,-0.1884882493944815,1.0,0.0,0.0,7.075,85.25
5.6,21.0,4.446786544198875,6.39388888888889,-0.2427064488608721,1.0,0.0,0.0,6.95,84.5
5.6,21.0,4.390084825595988,6.39388888888889,-0.2969569820152173,1.0,0.0,0.0,6.825,83.75
5.6,21.0,4.333301905166603,6.39388888888889,-0.3512398938859746,1.0,0.0,0.0,6.7,83.0
5.6,21.0,4.3334747727241325,6.37222222222222,-0.3512398938859746,1.0,0.0,0.0,6.575,83.0
5.6,21.0,4.333646573475125,6.37222222222222,-0.3512398938859746,1.0,0.0,0.0,6.45,83.0
5.6,21.0,4.333817515033509,6.37222222222222,-0.3512398938859746,1.0,0.0,0.0,6.325,83.0
5.6,21.0,4.333987566130872,6.37222222222222,-0.3512398938859746,1.0,0.0,0.0,6.2,83.0
5.174999999999999,21.0,3.855542774997984,6.37222222222222,-0.8958598191670148,1.0,0.0,0.0,6.7,82.0
4.75,21.0,3.3794565221047783,6.37222222222222,-1.4437678889813697,1.0,0.0,0.0,7.199999999999999,81.0
4.324999999999999,21.0,2.905735675873629,6.37222222222222,-1.995010801326487,1.0,0.0,0.0,7.699999999999999,80.0
3.9,21.0,2.434358955477723,6.37222222222222,-2.549636304907949,1.0,0.0,0.0,8.2,79.0
3.075,21.0,1.6600457170720604,6.37222222222222,-3.556642924954815,1.0,0.0,0.0,8.075,79.0
2.25,21.0,0.8851450383471597,6.37222222222222,-4.575062054595946,1.0,0.0,0.0,7.949999999999999,79.0
1.4249999999999998,21.0,0.1096098113052067,6.37222222222222,-5.605200122960184,1.0,0.0,0.0,7.825,79.0
0.6,21.0,-0.7175495476637771,6.37222222222222,-6.6473766902308284,1.0,0.0,0.0,7.7,79.0
0.2999999999999999,21.0,-0.891902609014357,6.37222222222222,-6.9390512251527525,1.0,0.0,0.0,7.325,80.5
0.0,21.0,-1.0698388810017097,6.37222222222222,-7.23168764496387,1.0,0.0,0.0,6.95,82.0
-0.2999999999999999,21.0,-1.264826933133255,6.37222222222222,-7.525293383948849,1.0,0.0,0.0,6.575,83.5
-0.6,21.0,-1.4628607428962996,6.37222222222222,-7.819875967085466,1.0,0.0,0.0,6.2,85.0
-0.725,21.0,-1.5824801410187594,6.37222222222222,-7.937984219818816,1.0,0.0,0.0,5.95,85.0
-0.8500000000000001,21.0,-1.7021074531919549,6.37222222222222,-8.056250476995217,1.0,0.0,0.0,5.7,85.0
-0.975,21.0,-1.821744005268562,6.37222222222222,-8.174675232709944,1.0,0.0,0.0,5.45,85.0
-1.1,21.0,-1.9413908998136609,6.37222222222222,-8.293258983490432,1.0,0.0,0.0,5.2,85.0
-1.25,21.0,-2.183970191193615,6.37222222222222,-8.530905468618926,1.0,0.0,0.0,5.2,83.25
-1.4,21.0,-2.425332727870483,6.37222222222222,-8.769193953872843,1.0,0.0,0.0,5.2,81.5
-1.5499999999999998,21.0,-2.665471693273258,6.37222222222222,-9.008128500723217,1.0,0.0,0.0,5.2,79.75
-1.7,21.0,-2.9043728171017293,6.37222222222222,-9.247713211163784,1.0,0.0,0.0,5.2,78.0
-1.825,21.0,-2.924409849426884,6.37222222222222,-9.36775067081993,1.0,0.0,0.0,5.575,79.75
-1.95,21.0,-2.946104630674532,6.37222222222222,-9.48795222826459,1.0,0.0,0.0,5.95,81.5
-2.075,21.0,-2.9694396719721743,6.37222222222222,-9.608318407892057,1.0,0.0,0.0,6.325,83.25
-2.2,21.0,-2.994387262409579,6.37222222222222,-9.728849736734674,1.0,0.0,0.0,6.7,85.0
-2.35,21.0,-3.191388328121576,6.37222222222222,-9.90995754420203,0.868852459016393,0.0,0.0,6.325,84.0
-2.5,21.0,-3.387632670759835,6.37222222222222,-10.0914399288323,0.868852459016393,25.0,0.0,5.95,83.0
-2.6499999999999995,21.0,-3.5831179798613086,6.37222222222222,-10.2732987033084,0.868852459016393,33.5,0.25,5.575,82.0
-2.8,21.0,-3.777846150605834,6.37222222222222,-10.455535694136302,0.868852459016393,42.0,0.5,5.2,81.0
-3.075,21.0,-4.038488860098553,6.37222222222222,-10.821151700852056,0.409836065573771,50.5,0.75,5.95,81.0
-3.35,21.0,-4.2992168274086415,6.37222222222222,-11.18830284301032,0.409836065573771,59.0,1.0,6.699999999999999,81.0
-3.625,21.0,-4.560029584194762,6.37222222222222,-11.55700424523485,0.409836065573771,83.5,0.75,7.449999999999999,81.0
-3.9,21.0,-4.820930308949907,6.37222222222222,-11.927271267638332,0.409836065573771,108.0,0.5,8.2,81.0
-3.9,21.0,-4.931548910491596,6.37222222222222,-11.989135742960627,0.245901639344262,132.5,0.25,8.2,78.75
-3.9,21.0,-5.042500385675855,6.37222222222222,-12.051044213413093,0.245901639344262,157.0,0.0,8.2,76.5
-3.9,21.0,-5.15378176275277,6.37222222222222,-12.112996752068568,0.245901639344262,181.75,0.25,8.2,74.25
-3.9,21.0,-5.265396484254554,6.37222222222222,-12.17499343219106,0.245901639344262,206.5,0.5,8.2,72.0
-3.75,21.0,-5.126572757738871,6.37222222222222,-12.051044213413093,0.245901639344262,231.25,0.75,7.449999999999999,72.0
-3.6,21.0,-4.987792759776166,6.37222222222222,-11.927271267638332,0.245901639344262,256.0,1.0,6.699999999999999,72.0
-3.45,21.0,-4.849050860543718,6.37222222222222,-11.80367401104263,0.245901639344262,263.25,0.75,5.95,72.0
-3.3,21.0,-4.710347625561062,6.37222222222222,-11.68025186283478,0.245901639344262,270.5,0.5,5.2,72.0
-3.175,21.0,-4.594979742436485,6.37222222222222,-11.495445705674854,0.245901639344262,277.75,0.25,5.575,72.0
-3.05,21.0,-4.479638883251417,6.37222222222222,-11.311030305669078,0.245901639344262,285.0,0.0,5.95,72.0
-2.925,21.0,-4.364325092061546,6.37222222222222,-11.127003740381326,0.245901639344262,281.5,0.0,6.325,72.0
-2.8,21.0,-4.249038256371298,6.37222222222222,-10.943364102196256,0.245901639344262,278.0,0.0,6.7,72.0
-2.925,21.0,-4.285560119538566,6.37222222222222,-11.065747629531984,0.245901639344262,274.5,0.0,6.825,73.5
-3.05,21.0,-4.3233942627290185,6.37222222222222,-11.18830284301032,0.245901639344262,271.0,0.0,6.95,75.0
-3.175,21.0,-4.362522795122971,6.37222222222222,-11.311030305669078,0.245901639344262,262.75,68.25,7.075,76.5
-3.3,21.0,-4.402931007432247,6.37222222222222,-11.43393058345316,0.245901639344262,254.5,136.5,7.2,78.0
-3.45,21.0,-4.69586352291033,6.37222222222222,-12.734962103221733,0.245901639344262,246.25,204.75,7.45,75.0
-3.6,21.0,-4.9869050857992345,6.37222222222222,-14.05579101221764,0.245901639344262,238.0,273.0,7.699999999999999,72.0
-3.75,21.0,-5.276034314837637,6.37222222222222,-15.397134817518976,0.245901639344262,222.0,342.0,7.949999999999999,69.0
-3.9,21.0,-5.563217793080538,6.37222222222222,-16.759752756168382,0.245901639344262,206.0,411.0,8.2,66.0
-4.025,21.0,-5.713673795678565,6.37222222222222,-17.15309103607177,0.245901639344262,190.0,480.0,7.824999999999999,65.25
-4.15,21.0,-5.863652330167606,6.37222222222222,-17.548250807647207,0.245901639344262,174.0,549.0,7.449999999999999,64.5
-4.275,21.0,-6.013151360032242,6.37222222222222,-17.94525187506025,0.245901639344262,152.0,455.5,7.075,63.75
-4.4,21.0,-6.162176477370813,6.37222222222222,-18.344114382954416,0.245901639344262,130.0,362.0,6.7,63.0
-4.125,21.0,-5.976785696303075,6.37222222222222,-18.077998212879976,0.245901639344262,108.0,268.5,6.325,61.75
-3.85,21.0,-5.793719371517683,6.37222222222222,-17.812712361092508,0.245901639344262,86.0,175.0,5.95,60.5
-3.575,21.0,-5.613021146782377,6.37222222222222,-17.548250807647207,0.245901639344262,78.25,164.5,5.575,59.25
-3.3,21.0,-5.434730307132992,6.37222222222222,-17.284607600902348,0.245901639344262,70.5,154.0,5.2,58.0
-3.875,21.0,-5.85296336906674,6.37222222222222,-17.812712361092508,0.295081967213115,62.75,143.5,5.45,59.75
-4.449999999999999,21.0,-6.278493422769714,6.37222222222222,-18.344114382954416,0.295081967213115,55.0,133.0,5.7,61.5
-5.025,21.0,-6.7111172038957925,6.37222222222222,-18.878862105720486,0.295081967213115,42.5,100.75,5.95,63.25
-5.6,21.0,-7.150631828127914,6.37222222222222,-19.417005096340205,0.295081967213115,30.0,68.5,6.2,65.0
-5.874999999999999,21.0,-7.333857429631712,6.37222222222222,-20.094535829037227,0.540983606557377,17.5,36.25,6.325,66.5
-6.15,21.0,-7.519658792865812,6.37222222222222,-20.777552756643928,0.540983606557377,0.0,0.0,6.45,68.0
-6.425000000000001,21.0,-7.707984855721419,6.37222222222222,-21.4661606667797,0.540983606557377,0.0,0.0,6.575,69.5
-6.7,21.0,-7.898786568587532,6.37222222222222,-22.1604675269752,0.540983606557377,0.0,0.0,6.7,71.0
-6.9750000000000005,21.0,-8.184689261135816,6.37222222222222,-23.14228389957566,0.885245901639344,0.0,0.0,6.45,70.25
-7.25,21.0,-8.469722345111565,6.37222222222222,-24.13580568686021,0.885245901639344,0.0,0.0,6.2,69.5
-7.524999999999999,21.0,-8.753900807536128,6.37222222222222,-25.141363784472333,0.885245901639344,0.0,0.0,5.95,68.75
-7.8,21.0,-9.037242695853978,6.37222222222222,-26.159304028887615,0.885245901639344,0.0,0.0,5.7,68.0
-8.075,21.0,-9.233194295283168,6.37222222222222,-26.452468576296862,0.885245901639344,0.0,0.0,5.575,69.5
-8.35,21.0,-9.43148190384017,6.37222222222222,-26.746682017306853,0.885245901639344,0.0,0.0,5.45,71.0
-8.625,21.0,-9.632057424943955,6.37222222222222,-27.04195315036381,0.885245901639344,0.0,0.0,5.325,72.5
-8.9,21.0,-9.834874028268151,6.37222222222222,-27.338290890450622,0.885245901639344,0.0,0.0,5.2,74.0
-9.025,21.0,-9.988473035400196,6.37222222222222,-27.48686255644742,0.885245901639344,0.0,0.0,4.800000000000001,73.0
-9.15,21.0,-10.141544810528195,6.37222222222222,-27.635704271202,0.885245901639344,0.0,0.0,4.4,72.0
-9.275,21.0,-10.29409372361191,6.37222222222222,-27.78481718281313,0.885245901639344,0.0,0.0,4.0,71.0
-9.4,21.0,-10.446120622690174,6.37222222222222,-27.934202447068373,0.885245901639344,0.0,0.0,3.6,70.0
-9.55,21.0,-10.524777420319468,6.37222222222222,-28.00899757474096,1.0,0.0,0.0,3.475,71.75
-9.7,21.0,-10.604799358221737,6.37222222222222,-28.0838612275148,1.0,0.0,0.0,3.35,73.5
-9.85,21.0,-10.68617035382006,6.37222222222222,-28.15879355205732,1.0,0.0,0.0,3.225,75.25
-10.0,21.0,-10.768870721460608,6.37222222222222,-28.233794695529923,1.0,0.0,0.0,3.1,77.0
-10.15,21.0,-10.852876825554858,6.37222222222222,-28.384004030393896,1.0,0.0,0.0,3.225,78.75
-10.3,21.0,-10.938185292348711,6.37222222222222,-28.53449041936236,1.0,0.0,0.0,3.35,80.5
-10.45,21.0,-11.024768665445702,6.37222222222222,-28.685255057740164,1.0,0.0,0.0,3.475,82.25
-10.6,21.0,-11.112614260332805,6.37222222222222,-28.83629914895596,1.0,0.0,0.0,3.6,84.0
-10.6,21.0,-11.144851859861175,6.37222222222222,-28.83629914895596,1.0,0.0,0.0,3.35,83.0
-10.6,21.0,-11.17711255632467,6.37222222222222,-28.83629914895596,1.0,0.0,0.0,3.1,82.0
-10.6,21.0,-11.209398400445126,6.37222222222222,-28.83629914895596,1.0,0.0,0.0,2.85,81.0
-10.6,21.0,-11.2417053261295,6.37222222222222,-28.83629914895596,1.0,0.0,0.0,2.6,80.0
-10.725,21.0,-11.361348616793569,6.35222222222222,-28.53449041936236,1.0,0.0,0.0,2.6,80.0
-10.85,21.0,-11.481018727505656,6.35222222222222,-28.233794695529923,1.0,0.0,0.0,2.6,80.0
-10.975,21.0,-11.600716780797082,6.35222222222222,-27.934202447068373,1.0,0.0,0.0,2.6,80.0
-11.1,21.0,-11.720440292315818,6.35222222222222,-27.635704271202,1.0,0.0,0.0,2.6,80.0
-11.25,21.0,-11.802359020212467,6.35222222222222,-27.71022675534482,1.0,0.0,0.0,2.6,82.0
-11.4,21.0,-11.885665028502762,6.35222222222222,-27.78481718281313,1.0,0.0,0.0,2.6,84.0
-11.55,21.0,-11.97034711102813,6.35222222222222,-27.859475698321237,1.0,0.0,0.0,2.6,86.0
-11.7,21.0,-12.056384595486694,6.35222222222222,-27.934202447068373,1.0,0.0,0.0,2.6,88.0
-11.7,21.0,-12.056384595486694,6.35222222222222,-28.15879355205732,1.0,0.0,0.0,2.6,88.0
-11.7,21.0,-12.056384595486694,6.35222222222222,-28.384004030393896,1.0,0.0,0.0,2.6,88.0
-11.7,21.0,-12.056384595486694,6.35222222222222,-28.60983788235211,1.0,0.0,0.0,2.6,88.0
-11.7,21.0,-12.056384595486694,6.35222222222222,-28.83629914895596,1.0,0.0,0.0,2.6,88.0
-11.7,21.0,-12.116050697854329,6.35222222222222,-28.911926367689432,1.0,0.0,0.0,2.6,86.0
-11.7,21.0,-12.175790892657693,6.35222222222222,-28.987623904637616,1.0,0.0,0.0,2.6,84.0
-11.7,21.0,-12.235608960231644,6.35222222222222,-29.0633919125477,1.0,0.0,0.0,2.6,82.0
-11.7,21.0,-12.295502998910909,6.35222222222222,-29.13923054468881,1.0,0.0,0.0,2.6,80.0
-11.825,21.0,-12.3561151453598,6.35222222222222,-29.21513995485472,1.0,0.0,0.0,2.475,82.0
-11.95,21.0,-12.417837900239356,6.35222222222222,-29.291120297366007,1.0,0.0,0.0,2.35,84.0
-12.075,21.0,-12.480657368700117,6.35222222222222,-29.36717172707273,1.0,0.0,0.0,2.225,86.0
-12.2,21.0,-12.544557591858537,6.35222222222222,-29.44329439935683,1.0,0.0,0.0,2.1,88.0
-12.349999999999998,21.0,-12.748125142681095,6.35222222222222,-29.978161062446816,1.0,0.0,0.0,2.475,86.0
-12.5,21.0,-12.950603881738218,6.35222222222222,-30.516580583359,1.0,0.0,0.0,2.85,84.0
-12.650000000000002,21.0,-13.151995326126285,6.35222222222222,-31.05860852104817,1.0,0.0,0.0,3.225,82.0
-12.8,21.0,-13.352317040513178,6.35222222222222,-31.60430181208085,1.0,0.0,0.0,3.6,80.0
-12.925,21.0,-13.424299882420083,6.35222222222222,-31.369980729923213,1.0,0.0,0.0,3.35,81.75
-13.05,21.0,-13.497215683291389,6.35222222222222,-31.13633895054917,1.0,0.0,0.0,3.1,83.5
-13.175,21.0,-13.571053647204842,6.35222222222222,-30.903371896574072,1.0,0.0,0.0,2.85,85.25
-13.3,21.0,-13.645803269815264,6.35222222222222,-30.671075038896618,1.0,0.0,0.0,2.6,87.0
-13.025000000000002,21.0,-13.452473369742023,6.35222222222222,-28.45921251859804,0.868852459016393,0.0,0.0,2.475,84.25
-12.75,20.5,-13.262289303522682,6.35222222222222,-26.30575573629966,0.868852459016393,14.0,0.0,2.35,81.5
-12.474999999999998,20.5,-13.07531139364828,6.35222222222222,-24.20722809326304,0.868852459016393,35.0,47.25,2.225,78.75
-12.2,20.5,-12.891624026738295,6.35222222222222,-22.1604675269752,0.868852459016393,56.0,94.5,2.1,76.0
-11.8,20.5,-12.503671842433144,6.35222222222222,-22.43981078942861,0.409836065573771,77.0,141.75,2.6,76.25
-11.4,20.5,-12.115646601998373,6.35222222222222,-22.72009092481335,0.409836065573771,98.0,189.0,3.1,76.5
-11.0,20.5,-11.727538865259346,6.35222222222222,-23.00131529769797,0.409836065573771,109.75,250.0,3.6,76.75
-10.6,20.5,-11.3393253421577,6.35222222222222,-23.283491364033864,0.409836065573771,121.5,311.0,4.1,77.0
-10.3,20.5,-11.029485199234554,6.35222222222222,-23.56662667270851,0.245901639344262,133.25,372.0,3.85,77.75
-10.0,20.5,-10.71883747451668,6.35222222222222,-23.850728867132347,0.245901639344262,145.0,433.0,3.6,78.5
-9.7,20.5,-10.407350052600211,6.35222222222222,-24.13580568686021,0.245901639344262,164.75,339.0,3.35,79.25
-9.4,20.5,-10.09501180189392,6.35222222222222,-24.42186496924782,0.245901639344262,184.5,245.0,3.1,80.0
-9.0,20.5,-9.76730044688328,6.35222222222222,-22.93092027604007,0.245901639344262,204.25,151.0,3.225,78.5
-8.6,20.5,-9.44278731792459,6.35222222222222,-21.4661606667797,0.245901639344262,224.0,57.0,3.35,77.0
-8.2,20.5,-9.12155254822922,6.35222222222222,-20.026537579135947,0.245901639344262,217.5,43.0,3.475,75.5
-7.8,20.5,-8.803684372495356,6.35222222222222,-18.61106696063706,0.245901639344262,211.0,29.0,3.6,74.0
-7.8,20.5,-8.803862712345804,6.35222222222222,-18.21095212918749,0.245901639344262,204.5,15.0,3.85,74.0
-7.8,20.0,-8.804039597802435,6.35222222222222,-17.812712361092508,0.245901639344262,198.0,1.0,4.1,74.0
-7.8,20.0,-8.804216968348292,6.35222222222222,-17.416327280275652,0.245901639344262,192.75,2.75,4.35,74.0
-7.8,20.0,-8.804394729073381,6.35222222222222,-17.021776856466886,0.245901639344262,187.5,4.5,4.6,74.0
-7.375,20.0,-8.466702955212996,6.35222222222222,-16.5637605779674,0.245901639344262,182.25,6.25,4.875,72.5
-6.949999999999999,20.0,-8.13277150902039,6.35222222222222,-16.108183977470446,0.245901639344262,177.0,8.0,5.15,71.0
-6.525,20.0,-7.802700114575935,6.35222222222222,-15.655016946441606,0.245901639344262,182.75,8.0,5.425000000000001,69.5
-6.1,20.0,-7.476578436494154,6.35222222222222,-15.204229956164454,0.245901639344262,188.5,8.0,5.7,68.0
-5.824999999999999,20.0,-7.191055529350377,6.35222222222222,-14.819713455291549,0.245901639344262,194.25,8.0,5.300000000000001,68.75
-5.55,20.0,-6.904620954680159,6.35222222222222,-14.436906349687431,0.245901639344262,200.0,8.0,4.9,69.5
-5.275,20.0,-6.617252266793661,6.35222222222222,-14.05579101221764,0.245901639344262,188.5,8.25,4.5,70.25
-5.0,20.0,-6.328944760630785,6.35222222222222,-13.676350099713034,0.245901639344262,177.0,8.5,4.1,71.0
-4.85,20.0,-6.19087942825921,6.35222222222222,-13.487252209199369,0.245901639344262,165.5,8.75,4.225,71.0
-4.7,20.0,-6.052866043960418,6.35222222222222,-13.298566546768257,0.245901639344262,154.0,9.0,4.35,71.0
-4.550000000000001,20.0,-5.914905969710789,6.35222222222222,-13.110291021655089,0.245901639344262,142.25,7.0,4.475,71.0
-4.4,20.0,-5.776993662562378,6.35222222222222,-12.922423559710635,0.245901639344262,130.5,5.0,4.6,71.0
-4.125,20.0,-5.54831541469377,6.35222222222222,-12.610212348692698,0.245901639344262,118.75,3.0,4.875,70.5
-3.85,20.0,-5.320604194670709,6.35222222222222,-12.299119510850744,0.245901639344262,107.0,1.0,5.15,70.0
-3.575,20.0,-5.093871389158204,6.35222222222222,-11.989135742960627,0.245901639344262,91.75,1.0,5.425000000000001,69.5
-3.3,20.0,-4.868131246614241,6.35222222222222,-11.68025186283478,0.245901639344262,76.5,1.0,5.7,69.0
-3.175,20.0,-4.754372252239231,6.35222222222222,-11.55700424523485,0.295081967213115,61.25,1.0,5.825,69.0
-3.05,20.0,-4.640652355796001,6.35222222222222,-11.43393058345316,0.295081967213115,46.0,1.0,5.95,69.0
-2.925,20.0,-4.526965675352263,6.35222222222222,-11.311030305669078,0.295081967213115,35.75,0.75,6.075,69.0
-2.8,20.0,-4.413312459593839,6.35222222222222,-11.18830284301032,0.295081967213115,25.5,0.5,6.2,69.0
-2.6499999999999995,20.0,-4.276364312995021,6.35222222222222,-11.004534440173131,0.540983606557377,15.25,0.25,5.675000000000001,69.0
-2.5,20.5,-4.139457615406887,6.35222222222222,-10.821151700852056,0.540983606557377,0.0,0.0,5.15,69.0
-2.35,20.5,-4.002593262137846,6.35222222222222,-10.638152741788817,0.540983606557377,0.0,0.0,4.625,69.0
-2.2,20.5,-3.86577230258698,6.35222222222222,-10.455535694136302,0.540983606557377,0.0,0.0,4.1,69.0
-2.075,20.5,-3.710389697813731,6.35222222222222,-10.2732987033084,0.885245901639344,0.0,0.0,4.1,69.75
-1.95,20.5,-3.5545086908767347,6.35222222222222,-10.0914399288323,0.885245901639344,0.0,0.0,4.1,70.5
-1.825,20.5,-3.398123640008982,6.35222222222222,-9.90995754420203,0.885245901639344,0.0,0.0,4.1,71.25
-1.7,20.5,-3.241240235889724,6.35222222222222,-9.728849736734674,0.885245901639344,0.0,0.0,4.1,72.0
-1.7,20.5,-3.199160607814614,6.35222222222222,-9.668563395618378,0.885245901639344,0.0,0.0,4.375,72.75
-1.7,21.0,-3.157120866118204,6.35222222222222,-9.608318407892057,0.885245901639344,0.0,0.0,4.65,73.5
-1.7,21.0,-3.115130036084416,6.35222222222222,-9.548114707428,0.885245901639344,0.0,0.0,4.925000000000001,74.25
-1.7,21.0,-3.073179174659296,6.35222222222222,-9.48795222826459,0.885245901639344,0.0,0.0,5.2,75.0
-1.5499999999999998,21.0,-2.8915564092871224,6.35222222222222,-9.247713211163784,0.885245901639344,0.0,0.0,5.325,75.75
-1.4,21.0,-2.709332884622354,6.35222222222222,-9.008128500723217,0.885245901639344,0.0,0.0,5.45,76.5
-1.25,21.0,-2.526507537914369,6.35222222222222,-8.769193953872843,0.885245901639344,0.0,0.0,5.575,77.25
-1.1,21.0,-2.3430826995731007,6.35222222222222,-8.530905468618926,0.885245901639344,0.0,0.0,5.7,78.0
-1.1,21.0,-2.34326576738657,6.35222222222222,-8.530905468618926,1.0,0.0,0.0,5.825,78.0
-1.1,21.0,-2.343449438012906,6.35222222222222,-8.530905468618926,1.0,0.0,0.0,5.95,78.0
-1.1,21.0,-2.343633839030909,6.35222222222222,-8.530905468618926,1.0,0.0,0.0,6.075,78.0
-1.1,21.0,-2.343815954431081,6.35222222222222,-8.530905468618926,1.0,0.0,0.0,6.2,78.0
-1.1,21.0,-2.343815954431081,6.35222222222222,-8.530905468618926,1.0,0.0,0.0,6.075,78.0
-1.1,21.0,-2.343815954431081,6.35222222222222,-8.530905468618926,1.0,0.0,0.0,5.95,78.0
-1.1,21.0,-2.343815954431081,6.35222222222222,-8.530905468618926,1.0,0.0,0.0,5.825,78.0
-1.1,21.0,-2.343815954431081,6.35222222222222,-8.530905468618926,1.0,0.0,0.0,5.7,78.0
-1.1,21.0,-2.2861395991257587,6.35222222222222,-8.530905468618926,1.0,0.0,0.0,5.7,79.0
-1.1,21.0,-2.228571233124228,6.35222222222222,-8.530905468618926,1.0,0.0,0.0,5.7,80.0
-1.1,21.0,-2.1711136174847243,6.35222222222222,-8.530905468618926,1.0,0.0,0.0,5.7,81.0
-1.1,21.0,-2.1137635334846347,6.35222222222222,-8.530905468618926,1.0,0.0,0.0,5.7,82.0
-0.975,21.0,-1.9952381370169487,6.33388888888889,-8.352610637864302,1.0,0.0,0.0,5.95,82.0
-0.8500000000000001,21.0,-1.8767287035094844,6.33388888888889,-8.174675232709944,1.0,0.0,0.0,6.2,82.0
-0.725,21.0,-1.7582281774942736,6.33388888888889,-7.997097567027481,1.0,0.0,0.0,6.45,82.0
-0.6,21.0,-1.6397436879532317,6.33388888888889,-7.819875967085466,1.0,0.0,0.0,6.7,82.0
-0.6,21.0,-1.6986075565359269,6.33388888888889,-7.878910373683141,1.0,0.0,0.0,6.575,81.0
-0.6,21.0,-1.7575874609835551,6.33388888888889,-7.937984219818816,1.0,0.0,0.0,6.45,80.0
-0.6,21.0,-1.816686528161872,6.33388888888889,-7.997097567027481,1.0,0.0,0.0,6.325,79.0
-0.6,21.0,-1.875904999751662,6.33388888888889,-8.056250476995217,1.0,0.0,0.0,6.2,78.0
-0.725,21.0,-1.934204333255211,6.33388888888889,-8.174675232709944,1.0,0.0,0.0,5.95,79.0
-0.8500000000000001,21.0,-1.9933846563526931,6.33388888888889,-8.293258983490432,1.0,0.0,0.0,5.7,80.0
-0.975,21.0,-2.053439147304819,6.33388888888889,-8.412002228312929,1.0,0.0,0.0,5.45,81.0
-1.1,21.0,-2.11435763216025,6.33388888888889,-8.530905468618926,1.0,0.0,0.0,5.2,82.0
-1.1,21.0,-2.114507141988313,6.33388888888889,-8.530905468618926,1.0,0.0,0.0,5.325,82.0
-1.1,21.0,-2.11465734365045,6.33388888888889,-8.530905468618926,1.0,0.0,0.0,5.45,82.0
-1.1,21.0,-2.114805321065803,6.33388888888889,-8.530905468618926,1.0,0.0,0.0,5.575,82.0
-1.1,21.0,-2.1149539399122563,6.33388888888889,-8.530905468618926,1.0,0.0,0.0,5.7,82.0
-1.1,21.0,-2.1149539399122563,6.33388888888889,-8.530905468618926,1.0,0.0,0.0,5.7,82.0
-1.1,21.0,-2.1149539399122563,6.33388888888889,-8.530905468618926,1.0,0.0,0.0,5.7,82.0
-1.1,21.0,-2.1149539399122563,6.33388888888889,-8.530905468618926,1.0,0.0,0.0,5.7,82.0
-1.1,21.0,-2.1149539399122563,6.33388888888889,-8.530905468618926,1.0,0.0,0.0,5.7,82.0
-1.65,21.0,-2.5953301553580137,6.33388888888889,-9.12783932752211,1.0,0.0,0.0,5.95,82.75
-2.2,21.0,-3.07841254658336,6.33388888888889,-9.728849736734674,1.0,0.0,0.0,6.2,83.5
-2.75,21.0,-3.564165179989624,6.33388888888889,-10.334002252279843,1.0,0.0,0.0,6.45,84.25
-3.3,21.0,-4.052553838225342,6.33388888888889,-10.943364102196256,1.0,0.0,0.0,6.7,85.0
-3.575,21.0,-4.529761973065033,6.33388888888889,-11.927271267638332,1.0,0.0,0.0,7.225,80.75
-3.85,21.0,-5.001917122508753,6.33388888888889,-12.922423559710635,1.0,0.0,0.0,7.75,76.5
-4.125,21.0,-5.468934388285994,6.33388888888889,-13.929125509223809,1.0,0.0,0.0,8.275,72.25
-4.4,21.0,-5.930724803192734,6.33388888888889,-14.947694810664132,1.0,0.0,0.0,8.8,68.0
-4.825,21.0,-6.318656065483975,6.33388888888889,-15.461532790110311,0.868852459016393,0.0,0.0,8.275,68.0
-5.25,20.5,-6.707025976739317,6.33388888888889,-15.97846311053405,0.868852459016393,18.0,4.0,7.75,68.0
-5.674999999999999,20.5,-7.09584104004322,6.33388888888889,-16.498529547041073,0.868852459016393,31.75,64.0,7.225,68.0
-6.1,20.5,-7.485116613130164,6.33388888888889,-17.021776856466886,0.868852459016393,45.5,124.0,6.7,68.0
-6.374999999999999,20.5,-7.835031272699081,6.33388888888889,-18.277507166282504,0.409836065573771,59.25,184.0,7.35,65.75
-6.65,20.5,-8.182041997391824,6.33388888888889,-19.55207727350708,0.409836065573771,73.0,244.0,8.0,63.5
-6.925000000000001,20.5,-8.526164414158064,6.33388888888889,-20.846160197329027,0.409836065573771,84.75,252.0,8.65,61.25
-7.2,20.5,-8.86741990562919,6.33388888888889,-22.1604675269752,0.409836065573771,96.5,260.0,9.3,59.0
-7.2,20.5,-8.83625972612341,6.33388888888889,-22.02114494628276,0.245901639344262,108.25,268.0,8.9,59.75
-7.2,20.5,-8.805123950150472,6.33388888888889,-21.882053862746943,0.245901639344262,120.0,276.0,8.5,60.5
-7.2,20.5,-8.774012644928176,6.33388888888889,-21.743193380826312,0.245901639344262,135.5,286.5,8.100000000000001,61.25
-7.2,20.5,-8.742925857445734,6.33388888888889,-21.60456261041133,0.245901639344262,151.0,297.0,7.7,62.0
-7.2,20.5,-8.711595829791042,6.33388888888889,-21.60456261041133,0.245901639344262,166.5,307.5,7.7,62.75
-7.2,20.5,-8.680300227551173,6.33388888888889,-21.60456261041133,0.245901639344262,182.0,318.0,7.7,63.5
-7.2,20.5,-8.649042425390306,6.33388888888889,-21.60456261041133,0.245901639344262,211.0,285.0,7.7,64.25
-7.2,20.5,-8.61782084761205,6.33388888888889,-21.60456261041133,0.245901639344262,240.0,252.0,7.7,65.0
-7.2,20.5,-8.700715878308763,6.33388888888889,-21.25898487935862,0.245901639344262,269.0,219.0,7.7,63.0
-7.2,20.0,-8.783815332686128,6.33388888888889,-20.91482365172118,0.245901639344262,298.0,186.0,7.7,61.0
-7.2,20.0,-8.867123009474907,6.33388888888889,-20.57206545337453,0.245901639344262,290.25,200.25,7.7,59.0
-7.2,20.0,-8.950635775305951,6.33388888888889,-20.23069701051457,0.245901639344262,282.5,214.5,7.7,57.0
-7.2,20.0,-8.950635775305951,6.33388888888889,-20.23069701051457,0.245901639344262,274.75,228.75,7.075,57.0
-7.2,20.0,-8.950635775305951,6.33388888888889,-20.23069701051457,0.245901639344262,267.0,243.0,6.45,57.0
-7.2,20.0,-8.950635775305951,6.33388888888889,-20.23069701051457,0.245901639344262,240.5,213.0,5.825,57.0
-7.2,20.0,-8.950635775305951,6.33388888888889,-20.23069701051457,0.245901639344262,214.0,183.0,5.2,57.0
-7.2,20.0,-8.950635775305951,6.33388888888889,-19.89070524561828,0.245901639344262,187.5,153.0,5.575,57.0
-7.2,20.0,-8.950635775305951,6.33388888888889,-19.55207727350708,0.245901639344262,161.0,123.0,5.95,57.0
-7.2,20.0,-8.950635775305951,6.33388888888889,-19.21480039750949,0.245901639344262,165.75,194.5,6.325,57.0
-7.2,20.0,-8.950635775305951,6.33388888888889,-18.878862105720486,0.245901639344262,170.5,266.0,6.7,57.0
-7.35,20.0,-9.033164740328797,6.33388888888889,-19.28214828822232,0.245901639344262,175.25,337.5,6.575,58.25
-7.5,20.0,-9.116818913961277,6.33388888888889,-19.687365623982856,0.245901639344262,180.0,409.0,6.45,59.5
-7.649999999999999,20.0,-9.201578166412602,6.33388888888889,-20.094535829037227,0.245901639344262,164.5,318.5,6.325,60.75
-7.8,20.0,-9.287438707747771,6.33388888888889,-20.503681005645547,0.245901639344262,149.0,228.0,6.2,62.0
-7.8,20.0,-9.317370723451988,6.33388888888889,-20.57206545337453,0.245901639344262,133.5,137.5,6.2,61.25
-7.8,20.0,-9.34732469311236,6.33388888888889,-20.64050549069495,0.245901639344262,118.0,47.0,6.2,60.5
-7.8,20.0,-9.3773006615677,6.33388888888889,-20.70900122316141,0.245901639344262,103.5,56.0,6.2,59.75
-7.8,20.0,-9.407298518462529,6.33388888888889,-20.777552756643928,0.245901639344262,89.0,65.0,6.2,59.0
-7.8,20.0,-9.3773006615677,6.33388888888889,-20.98354322664397,0.295081967213115,74.5,74.0,5.550000000000001,59.75
-7.8,20.0,-9.34732469311236,6.33388888888889,-21.190039747647603,0.295081967213115,60.0,83.0,4.9,60.5
-7.8,20.0,-9.317370723451988,6.33388888888889,-21.397045229994063,0.295081967213115,46.75,63.0,4.25,61.25
-7.8,20.0,-9.287438707747771,6.33388888888889,-21.60456261041133,0.295081967213115,33.5,43.0,3.6,62.0
-8.075,20.0,-9.487687532933895,6.33388888888889,-21.882053862746943,0.540983606557377,20.25,23.0,4.25,63.25
-8.35,20.5,-9.690015988875842,6.33388888888889,-22.1604675269752,0.540983606557377,0.0,0.0,4.9,64.5
-8.625,20.5,-9.894383949187548,6.33388888888889,-22.43981078942861,0.540983606557377,0.0,0.0,5.550000000000001,65.75
-8.9,20.5,-10.100751315500862,6.33388888888889,-22.72009092481335,0.540983606557377,0.0,0.0,6.2,67.0
-9.175,20.5,-10.354383264995386,6.33388888888889,-23.708556427752228,0.885245901639344,0.0,0.0,6.075,67.0
-9.45,20.5,-10.60823980536526,6.33388888888889,-24.708914651145108,0.885245901639344,0.0,0.0,5.95,67.0
-9.725,20.5,-10.862326946076086,6.33388888888889,-25.721504917877557,0.885245901639344,0.0,0.0,5.825,67.0
-10.0,20.5,-11.116641623939522,6.33388888888889,-26.746682017306853,0.885245901639344,0.0,0.0,5.7,67.0
-10.275,20.5,-11.396629315146132,6.33388888888889,-27.561249586153195,0.885245901639344,0.0,0.0,5.300000000000001,66.25
-10.55,21.0,-11.67592201065536,6.33388888888889,-28.384004030393896,0.885245901639344,0.0,0.0,4.9,65.5
-10.825,21.0,-11.954529493993826,6.33388888888889,-29.21513995485472,0.885245901639344,0.0,0.0,4.5,64.75
-11.1,21.0,-12.23246859640365,6.33388888888889,-30.054859333754592,0.885245901639344,0.0,0.0,4.1,64.0
-11.25,21.0,-12.417976646933392,6.33388888888889,-30.36238068385134,0.885245901639344,0.0,0.0,4.375,62.5
-11.4,21.0,-12.60259374069098,6.33388888888889,-30.671075038896618,0.885245901639344,0.0,0.0,4.65,61.0
-11.55,21.0,-12.786341092342392,6.33388888888889,-30.980952892303662,0.885245901639344,0.0,0.0,4.925000000000001,59.5
-11.7,21.0,-12.96921745377049,6.33388888888889,-31.29202488575632,0.885245901639344,0.0,0.0,5.2,58.0
-11.7,21.0,-12.96921745377049,6.33388888888889,-30.980952892303662,1.0,0.0,0.0,5.45,58.0
-11.7,21.0,-12.96921745377049,6.33388888888889,-30.671075038896618,1.0,0.0,0.0,5.7,58.0
-11.7,21.0,-12.96921745377049,6.33388888888889,-30.36238068385134,1.0,0.0,0.0,5.95,58.0
-11.7,21.0,-12.96921745377049,6.33388888888889,-30.054859333754592,1.0,0.0,0.0,6.2,58.0
-11.825,21.0,-13.03769443417378,6.33388888888889,-30.43944389600713,1.0,0.0,0.0,5.800000000000001,59.5
-11.95,21.0,-13.107084918839684,6.33388888888889,-30.825865366708086,1.0,0.0,0.0,5.4,61.0
-12.075,21.0,-13.177378154404089,6.33388888888889,-31.21414434914161,1.0,0.0,0.0,5.0,62.5
-12.2,21.0,-13.248563732155716,6.33388888888889,-31.60430181208085,1.0,0.0,0.0,4.6,64.0
-12.349999999999998,21.0,-13.39463634510494,6.33388888888889,-31.760895539878845,1.0,0.0,0.0,4.6,63.75
-12.5,21.0,-13.540630069462413,6.33388888888889,-31.917794618188168,1.0,0.0,0.0,4.6,63.5
-12.650000000000002,21.0,-13.6865414347297,6.33388888888889,-32.07500043994321,1.0,0.0,0.0,4.6,63.25
-12.8,21.0,-13.83238320960893,6.33388888888889,-32.23251440808957,1.0,0.0,0.0,4.6,63.0
-12.925,21.0,-13.92726145210091,6.31722222222222,-32.311387388241656,1.0,0.0,0.0,4.875,63.75
-13.05,21.0,-14.022583137323885,6.31722222222222,-32.390337935682595,1.0,0.0,0.0,5.15,64.5
-13.175,21.0,-14.118343378645235,6.31722222222222,-32.46936622864024,1.0,0.0,0.0,5.425000000000001,65.25
-13.3,21.0,-14.21453811220509,6.31722222222222,-32.5484724459869,1.0,0.0,0.0,5.7,66.0
-13.3,21.0,-14.235085178279093,6.31722222222222,-32.6276567672424,1.0,0.0,0.0,5.425000000000001,65.25
-13.3,21.0,-14.255648998022114,6.31722222222222,-32.70691937257729,1.0,0.0,0.0,5.15,64.5
-13.3,21.0,-14.276228529415285,6.31722222222222,-32.78626044281614,1.0,0.0,0.0,4.875,63.75
-13.3,21.0,-14.296824835213243,6.31722222222222,-32.865680159440785,1.0,0.0,0.0,4.6,63.0
-13.45,21.0,-14.39573643720013,6.31722222222222,-32.94517870459339,1.0,0.0,0.0,4.75,64.5
-13.6,21.0,-14.495644435439416,6.31722222222222,-33.02475626108006,1.0,0.0,0.0,4.9,66.0
-13.75,21.0,-14.59653345451486,6.31722222222222,-33.10441301237381,1.0,0.0,0.0,5.050000000000001,67.5
-13.9,21.0,-14.69838648276543,6.31722222222222,-33.18414914261817,1.0,0.0,0.0,5.2,69.0
-14.025,21.0,-14.835418054193408,6.31722222222222,-33.34386027990459,1.0,0.0,0.0,4.800000000000001,68.25
-14.15,21.0,-14.9721447778026,6.31722222222222,-33.5038911596225,1.0,0.0,0.0,4.4,67.5
-14.275,21.0,-15.108570634582788,6.31722222222222,-33.66424327939757,1.0,0.0,0.0,4.0,66.75
-14.4,21.0,-15.24469816388729,6.31722222222222,-33.824918147908136,1.0,0.0,0.0,3.6,66.0
-14.4,21.0,-15.225921775131964,6.31722222222222,-33.824918147908136,1.0,0.0,0.0,3.85,66.75
-14.4,21.0,-15.207152400091072,6.31722222222222,-33.824918147908136,1.0,0.0,0.0,4.1,67.5
-14.4,21.0,-15.188388846345742,6.31722222222222,-33.824918147908136,1.0,0.0,0.0,4.35,68.25
-14.4,21.0,-15.169631265812184,6.31722222222222,-33.824918147908136,1.0,0.0,0.0,4.6,69.0
-14.55,21.0,-15.292606299452896,6.31722222222222,-33.9859172849967,1.0,0.0,0.0,4.6,69.75
-14.7,21.0,-15.416066481674877,6.31722222222222,-34.14724222178279,1.0,0.0,0.0,4.6,70.5
-14.85,21.0,-15.540007274487774,6.31722222222222,-34.308894500777484,1.0,0.0,0.0,4.6,71.25
-15.0,21.0,-15.664422162863904,6.31722222222222,-34.47087567599934,1.0,0.0,0.0,4.6,72.0
-14.85,21.0,-15.612506489318084,6.31722222222222,-34.47087567599934,1.0,0.0,0.0,4.875,68.25
-14.7,21.0,-15.56285721049382,6.31722222222222,-34.47087567599934,1.0,0.0,0.0,5.15,64.5
-14.55,21.0,-15.515511749696088,6.31722222222222,-34.47087567599934,1.0,0.0,0.0,5.425000000000001,60.75
-14.4,21.0,-15.470511760957844,6.31722222222222,-34.47087567599934,1.0,0.0,0.0,5.7,57.0
-14.275,21.0,-15.33643405842572,6.31722222222222,-34.22802734664896,0.868852459016393,0.0,0.0,5.575,57.75
-14.15,20.5,-15.202068102011474,6.31722222222222,-33.9859172849967,0.868852459016393,20.0,146.0,5.45,58.5
-14.025,20.5,-15.06741137650011,6.31722222222222,-33.74454027533375,0.868852459016393,28.5,238.25,5.325,59.25
-13.9,20.5,-14.932460118710388,6.31722222222222,-33.5038911596225,0.868852459016393,37.0,330.5,5.2,60.0
-13.475,20.5,-14.620926961305388,6.31722222222222,-33.18414914261817,0.409836065573771,45.5,422.75,5.825,57.0
-13.05,20.5,-14.315385590720494,6.31722222222222,-32.865680159440785,0.409836065573771,54.0,515.0,6.45,54.0
-12.624999999999998,20.5,-14.016053545392378,6.31722222222222,-32.5484724459869,0.409836065573771,77.5,431.0,7.075,51.0
-12.2,20.5,-13.723152586808618,6.31722222222222,-32.23251440808957,0.409836065573771,101.0,347.0,7.7,48.0
-12.075,20.5,-13.641701937773696,6.31722222222222,-30.980952892303662,0.245901639344262,124.5,263.0,7.7,47.0
-11.95,20.5,-13.56089576175802,6.31722222222222,-29.74850064066098,0.245901639344262,148.0,179.0,7.7,46.0
-11.825,20.5,-13.480741643736843,6.31722222222222,-28.53449041936236,0.245901639344262,160.5,136.0,7.7,45.0
-11.7,20.5,-13.401246344219157,6.31722222222222,-27.338290890450622,0.245901639344262,173.0,93.0,7.7,44.0
-11.425,20.5,-13.174691756667842,6.31722222222222,-26.452468576296862,0.245901639344262,185.5,50.0,7.7,43.5
-11.15,20.5,-12.94917642954327,6.31722222222222,-25.576086991411813,0.245901639344262,198.0,7.0,7.7,43.0
-10.875,20.5,-12.72472048125595,6.31722222222222,-24.708914651145108,0.245901639344262,210.75,40.0,7.7,42.5
-10.6,20.5,-12.50132545796824,6.31722222222222,-23.850728867132347,0.245901639344262,223.5,73.0,7.7,42.0
-10.025,20.5,-12.046065344262333,6.31722222222222,-23.56662667270851,0.245901639344262,236.25,106.0,7.975,40.75
-9.45,20.0,-11.59637247462215,6.31722222222222,-23.283491364033864,0.245901639344262,249.0,139.0,8.25,39.5
-8.875,20.0,-11.15240394794031,6.31722222222222,-23.00131529769797,0.245901639344262,218.0,318.25,8.525,38.25
-8.3,20.0,-10.714315197479776,6.31722222222222,-22.72009092481335,0.245901639344262,187.0,497.5,8.8,37.0
-7.9,20.0,-10.408408633655773,6.31722222222222,-23.14228389957566,0.245901639344262,156.0,676.75,8.925,36.25
-7.5,20.0,-10.105219620605146,6.31722222222222,-23.56662667270851,0.245901639344262,125.0,856.0,9.05,35.5
-7.1000000000000005,20.0,-9.804793731115584,6.31722222222222,-23.993144961310406,0.245901639344262,115.25,850.25,9.175,34.75
-6.7,20.0,-9.507179601973691,6.31722222222222,-24.42186496924782,0.245901639344262,105.5,844.5,9.3,34.0
-6.425000000000001,20.0,-9.258764264869166,6.31722222222222,-24.708914651145108,0.245901639344262,95.75,838.75,9.025,34.5
-6.15,20.0,-9.010037176117986,6.31722222222222,-24.996962770626453,0.245901639344262,86.0,833.0,8.75,35.0
-5.874999999999999,20.0,-8.760982911518933,6.31722222222222,-25.286017468759184,0.245901639344262,83.5,825.25,8.475,35.5
-5.6,20.0,-8.511587789406889,6.31722222222222,-25.576086991411813,0.245901639344262,81.0,817.5,8.2,36.0
-5.174999999999999,20.0,-8.210879024908857,6.31722222222222,-25.141363784472333,0.245901639344262,78.5,809.75,8.075,35.0
-4.75,20.0,-7.91401065468675,6.31722222222222,-24.708914651145108,0.245901639344262,76.0,802.0,7.949999999999999,34.0
-4.324999999999999,20.0,-7.621056888453466,6.31722222222222,-24.278712026520395,0.245901639344262,71.75,773.0,7.825,33.0
-3.9,20.0,-7.332101671947859,6.31722222222222,-23.850728867132347,0.245901639344262,67.5,744.0,7.7,32.0
-3.75,20.0,-7.225572691521904,6.31722222222222,-23.708556427752228,0.245901639344262,63.25,715.0,7.7,31.75
-3.6,20.0,-7.119443573159297,6.31722222222222,-23.56662667270851,0.245901639344262,59.0,686.0,7.7,31.5
-3.45,20.0,-7.013720643869452,6.31722222222222,-23.42493863759989,0.245901639344262,53.75,619.5,7.7,31.25
-3.3,20.0,-6.908403274466486,6.31722222222222,-23.283491364033864,0.245901639344262,48.5,553.0,7.7,31.0
-3.3,20.0,-6.894619837771902,6.31722222222222,-23.283491364033864,0.295081967213115,43.25,486.5,7.7,31.25
-3.3,20.0,-6.880841215473113,6.31722222222222,-23.283491364033864,0.295081967213115,38.0,420.0,7.7,31.5
-3.3,20.0,-6.867068185291676,6.31722222222222,-23.283491364033864,0.295081967213115,30.75,323.25,7.7,31.75
-3.3,20.0,-6.853300767970447,6.31722222222222,-23.283491364033864,0.295081967213115,23.5,226.5,7.7,32.0
-3.575,20.0,-6.99137425436295,6.31722222222222,-23.42493863759989,0.540983606557377,16.25,129.75,7.075,33.5
-3.85,20.5,-7.132869957678158,6.31722222222222,-23.56662667270851,0.540983606557377,0.0,0.0,6.45,35.0
-4.125,20.5,-7.27772612150908,6.31722222222222,-23.708556427752228,0.540983606557377,0.0,0.0,5.825,36.5
-4.4,20.5,-7.42586901096391,6.31722222222222,-23.850728867132347,0.540983606557377,0.0,0.0,5.2,38.0
-4.7,20.5,-7.597962698475762,6.31722222222222,-24.13580568686021,0.885245901639344,0.0,0.0,5.325,39.5
-5.0,20.5,-7.773534881658272,6.31722222222222,-24.42186496924782,0.885245901639344,0.0,0.0,5.45,41.0
-5.299999999999999,20.5,-7.952510341019152,6.31722222222222,-24.708914651145108,0.885245901639344,0.0,0.0,5.575,42.5
-5.6,20.5,-8.134823829167383,6.31722222222222,-24.996962770626453,0.885245901639344,0.0,0.0,5.7,44.0
-5.6,20.5,-8.134823829167383,6.31722222222222,-24.996962770626453,0.885245901639344,0.0,0.0,5.575,44.0
-5.6,21.0,-8.134823829167383,6.31722222222222,-24.996962770626453,0.885245901639344,0.0,0.0,5.45,44.0
-5.6,21.0,-8.134823829167383,6.31722222222222,-24.996962770626453,0.885245901639344,0.0,0.0,5.325,44.0
-5.6,21.0,-8.134823829167383,6.31722222222222,-24.996962770626453,0.885245901639344,0.0,0.0,5.2,44.0
-5.6,21.0,-8.157814206518037,6.31722222222222,-24.996962770626453,0.885245901639344,0.0,0.0,5.45,43.5
-5.6,21.0,-8.180811815626983,6.31722222222222,-24.996962770626453,0.885245901639344,0.0,0.0,5.7,43.0
-5.6,21.0,-8.203814430083906,6.31722222222222,-24.996962770626453,0.885245901639344,0.0,0.0,5.95,42.5
-5.6,21.0,-8.226822182002563,6.31722222222222,-24.996962770626453,0.885245901639344,0.0,0.0,6.2,42.0
-5.6,21.0,-8.180358049059729,6.31722222222222,-24.924856693794965,1.0,0.0,0.0,6.075,43.0
-5.6,21.0,-8.13393454880403,6.31722222222222,-24.85281339980594,1.0,0.0,0.0,5.95,44.0
-5.6,21.0,-8.08755166960172,6.31722222222222,-24.7808327612554,1.0,0.0,0.0,5.825,45.0
-5.6,21.0,-8.041209361311529,6.31722222222222,-24.708914651145108,1.0,0.0,0.0,5.7,46.0
-5.6,21.0,-8.041209361311529,6.31722222222222,-24.708914651145108,1.0,0.0,0.0,5.575,46.0
-5.6,21.0,-8.041209361311529,6.31722222222222,-24.708914651145108,1.0,0.0,0.0,5.45,46.0
-5.6,21.0,-8.041209361311529,6.31722222222222,-24.708914651145108,1.0,0.0,0.0,5.325,46.0
-5.6,21.0,-8.041209361311529,6.31722222222222,-24.708914651145108,1.0,0.0,0.0,5.2,46.0
-5.6,21.0,-8.040783028936499,6.31722222222222,-24.42186496924782,1.0,0.0,0.0,5.2,46.0
-5.6,21.0,-8.04035524058637,6.31722222222222,-24.13580568686021,1.0,0.0,0.0,5.2,46.0
-5.6,21.0,-8.039929610322593,6.31722222222222,-23.850728867132347,1.0,0.0,0.0,5.2,46.0
-5.6,21.0,-8.039502892706368,6.31722222222222,-23.56662667270851,1.0,0.0,0.0,5.2,46.0
-5.6,21.0,-8.01615374200218,6.30222222222222,-22.36988742767033,1.0,0.0,0.0,5.45,46.5
-5.6,21.0,-7.99281640624604,6.30222222222222,-21.190039747647603,1.0,0.0,0.0,5.7,47.0
-5.6,21.0,-7.96949616393792,6.30222222222222,-20.026537579135947,1.0,0.0,0.0,5.95,47.5
-5.6,21.0,-7.946189485221228,6.30222222222222,-18.878862105720486,1.0,0.0,0.0,6.2,48.0
-5.6,21.0,-7.89961844142965,6.30222222222222,-18.41077387475775,1.0,0.0,0.0,5.95,49.0
-5.6,21.0,-7.853105099393804,6.30222222222222,-17.94525187506025,1.0,0.0,0.0,5.7,50.0
-5.6,21.0,-7.806647612177491,6.30222222222222,-17.48226351695814,1.0,0.0,0.0,5.45,51.0
-5.6,21.0,-7.760249501859785,6.30222222222222,-17.021776856466886,1.0,0.0,0.0,5.2,52.0
-5.6,21.0,-7.829869575039687,6.30222222222222,-18.277507166282504,1.0,0.0,0.0,5.45,50.5
-5.6,21.0,-7.89961844142965,6.30222222222222,-19.55207727350708,1.0,0.0,0.0,5.7,49.0
-5.6,21.0,-7.96949616393792,6.30222222222222,-20.846160197329027,1.0,0.0,0.0,5.95,47.5
-5.6,21.0,-8.039502892706368,6.30222222222222,-22.1604675269752,1.0,0.0,0.0,6.2,46.0
-5.725,21.0,-8.123067953026844,6.30222222222222,-22.93092027604007,1.0,0.0,0.0,6.325,46.5
-5.85,21.0,-8.207087629024501,6.30222222222222,-23.708556427752228,1.0,0.0,0.0,6.45,47.0
-5.975,21.0,-8.291562247806043,6.30222222222222,-24.493534227524208,1.0,0.0,0.0,6.575,47.5
-6.1,21.0,-8.37648445284841,6.30222222222222,-25.286017468759184,1.0,0.0,0.0,6.7,48.0
-6.1,21.0,-8.353920436692276,6.30222222222222,-25.286017468759184,1.0,0.0,0.0,6.45,48.5
-6.1,21.0,-8.331368587702729,6.30222222222222,-25.286017468759184,1.0,0.0,0.0,6.2,49.0
-6.1,21.0,-8.30882911402495,6.30222222222222,-25.286017468759184,1.0,0.0,0.0,5.95,49.5
-6.1,21.0,-8.286303693847946,6.30222222222222,-25.286017468759184,1.0,0.0,0.0,5.7,50.0
-6.249999999999999,21.0,-8.393801403279785,6.30222222222222,-25.35843938519037,1.0,0.0,0.0,5.575,50.5
-6.4,21.0,-8.501852189705211,6.30222222222222,-25.430924857509662,1.0,0.0,0.0,5.45,51.0
-6.550000000000001,21.0,-8.61044816512867,6.30222222222222,-25.50347401601184,1.0,0.0,0.0,5.325,51.5
-6.7,21.0,-8.719585375578271,6.30222222222222,-25.576086991411813,1.0,0.0,0.0,5.2,52.0
-6.7,21.0,-8.697984339239397,6.30222222222222,-25.576086991411813,1.0,0.0,0.0,5.050000000000001,52.5
-6.7,21.0,-8.676395906365522,6.30222222222222,-25.576086991411813,1.0,0.0,0.0,4.9,53.0
-6.7,21.0,-8.654818371528881,6.30222222222222,-25.576086991411813,1.0,0.0,0.0,4.75,53.5
-6.7,21.0,-8.633255408910271,6.30222222222222,-25.576086991411813,1.0,0.0,0.0,4.6,54.0
-6.7,21.0,-8.568301903921581,6.30222222222222,-25.50347401601184,0.868852459016393,0.0,0.0,4.475,55.5
-6.7,20.5,-8.503479599618188,6.30222222222222,-25.430924857509662,0.868852459016393,17.0,264.0,4.35,57.0
-6.7,20.5,-8.43878697835145,6.30222222222222,-25.35843938519037,0.868852459016393,23.5,336.75,4.225,58.5
-6.7,20.5,-8.374227061961959,6.30222222222222,-25.286017468759184,0.868852459016393,30.0,409.5,4.1,60.0
-6.125,20.5,-7.935968227011912,6.30222222222222,-24.42186496924782,0.409836065573771,36.5,482.25,4.225,58.25
-5.550000000000001,20.5,-7.504596468463889,6.30222222222222,-23.56662667270851,0.409836065573771,43.0,555.0,4.35,56.5
-4.9750000000000005,20.5,-7.080319403766266,6.30222222222222,-22.72009092481335,0.409836065573771,48.25,600.5,4.475,54.75
-4.4,20.5,-6.663344559172739,6.30222222222222,-21.882053862746943,0.409836065573771,53.5,646.0,4.6,53.0
-4.275,20.5,-6.617420387140617,6.30222222222222,-21.812594852343352,0.245901639344262,58.75,691.5,5.25,51.75
-4.15,20.5,-6.572622115135726,6.30222222222222,-21.743193380826312,0.245901639344262,64.0,737.0,5.9,50.5
-4.025,20.5,-6.528961231218955,6.30222222222222,-21.6738493371015,0.245901639344262,77.5,718.0,6.550000000000001,49.25
-3.9,20.5,-6.48645520195073,6.30222222222222,-21.60456261041133,0.245901639344262,91.0,699.0,7.2,48.0
-3.75,20.5,-6.384775622676899,6.30222222222222,-21.190039747647603,0.245901639344262,104.5,680.0,7.2,47.5
-3.6,20.5,-6.283686399355572,6.30222222222222,-20.777552756643928,0.245901639344262,118.0,661.0,7.2,47.0
-3.45,20.5,-6.183193787847191,6.30222222222222,-20.367078458312022,0.245901639344262,119.5,667.5,7.2,46.5
-3.3,20.5,-6.08330347305248,6.30222222222222,-19.95859408558755,0.245901639344262,121.0,674.0,7.2,46.0
-3.0249999999999995,20.5,-5.83751840724592,6.30222222222222,-19.687365623982856,0.245901639344262,122.5,680.5,6.7,46.25
-2.75,20.0,-5.591613680249542,6.30222222222222,-19.417005096340205,0.245901639344262,124.0,687.0,6.2,46.5
-2.475,20.0,-5.345581160829156,6.30222222222222,-19.147506049585477,0.245901639344262,120.25,723.5,5.7,46.75
-2.2,20.0,-5.099407667751961,6.30222222222222,-18.878862105720486,0.245901639344262,116.5,760.0,5.2,47.0
-2.075,20.0,-5.052403475158833,6.30222222222222,-18.744858824483487,0.245901639344262,112.75,796.5,5.7,46.0
-1.95,20.0,-5.006433839527702,6.30222222222222,-18.61106696063706,0.245901639344262,109.0,833.0,6.2,45.0
-1.825,20.0,-4.961509591266441,6.30222222222222,-18.47748573752233,0.245901639344262,119.25,811.25,6.7,44.0
-1.7,20.0,-4.917643226438523,6.30222222222222,-18.344114382954416,0.245901639344262,129.5,789.5,7.2,43.0
-1.5499999999999998,20.0,-4.8243031171753845,6.30222222222222,-18.077998212879976,0.245901639344262,139.75,767.75,6.95,42.5
-1.4,20.0,-4.731632666740762,6.30222222222222,-17.812712361092508,0.245901639344262,150.0,746.0,6.7,42.0
-1.25,20.0,-4.639635258329594,6.30222222222222,-17.548250807647207,0.245901639344262,157.25,625.25,6.45,41.5
-1.1,20.0,-4.548317638015963,6.30222222222222,-17.284607600902348,0.245901639344262,164.5,504.5,6.2,41.0
-1.1,20.0,-4.548317638015963,6.30222222222222,-17.021776856466886,0.245901639344262,171.75,383.75,6.325,41.0
-1.1,20.0,-4.548317638015963,6.30222222222222,-16.759752756168382,0.245901639344262,179.0,263.0,6.45,41.0
-1.1,20.0,-4.548317638015963,6.30222222222222,-16.498529547041073,0.245901639344262,168.0,262.5,6.575,41.0
-1.1,20.0,-4.548317638015963,6.30222222222222,-16.238101540333275,0.245901639344262,157.0,262.0,6.7,41.0
-0.8250000000000001,20.0,-4.371184918310671,6.30222222222222,-15.848938246060072,0.245901639344262,146.0,261.5,6.575,40.25
-0.55,20.0,-4.195968904289159,6.30222222222222,-15.461532790110311,0.245901639344262,135.0,261.0,6.45,39.5
-0.275,20.0,-4.022692800302175,6.30222222222222,-15.075866756427333,0.245901639344262,111.0,312.5,6.325,38.75
0.0,20.0,-3.851386567805482,6.30222222222222,-14.691922030337082,0.245901639344262,87.0,364.0,6.2,38.0
-0.275,20.0,-3.990173275765656,6.30222222222222,-15.913676221180651,0.295081967213115,63.0,415.5,6.075,39.25
-0.55,20.0,-4.132077430692599,6.30222222222222,-17.15309103607177,0.295081967213115,39.0,467.0,5.95,40.5
-0.8250000000000001,20.0,-4.277039775416409,6.30222222222222,-18.41077387475775,0.295081967213115,32.25,352.0,5.825,41.75
-1.1,20.0,-4.425008854114709,6.30222222222222,-19.687365623982856,0.295081967213115,25.5,237.0,5.7,43.0
-1.525,20.0,-4.685316865382938,6.30222222222222,-19.28214828822232,0.540983606557377,18.75,122.0,5.050000000000001,44.5
-1.95,20.5,-4.951065833522043,6.30222222222222,-18.878862105720486,0.540983606557377,0.0,0.0,4.4,46.0
-2.375,20.5,-5.222129636135108,6.30222222222222,-18.47748573752233,0.540983606557377,0.0,0.0,3.75,47.5
-2.8,20.5,-5.498385104181244,6.30222222222222,-18.077998212879976,0.540983606557377,0.0,0.0,3.1,49.0
-2.8,20.5,-5.525965978800209,6.30222222222222,-18.277507166282504,0.885245901639344,0.0,0.0,2.975,48.5
-2.8,20.5,-5.553569015078572,6.30222222222222,-18.47748573752233,0.885245901639344,0.0,0.0,2.85,48.0
-2.8,20.5,-5.5811941154087,6.30222222222222,-18.677936514032893,0.885245901639344,0.0,0.0,2.725,47.5
-2.8,20.5,-5.608841257197918,6.30222222222222,-18.878862105720486,0.885245901639344,0.0,0.0,2.6,47.0
-2.8,20.5,-5.650353985586479,6.30222222222222,-18.878862105720486,0.885245901639344,0.0,0.0,2.725,46.25
-2.8,21.0,-5.691916863186076,6.30222222222222,-18.878862105720486,0.885245901639344,0.0,0.0,2.85,45.5
-2.8,21.0,-5.733531635698778,6.30222222222222,-18.878862105720486,0.885245901639344,0.0,0.0,2.975,44.75
-2.8,21.0,-5.775195022719165,6.30222222222222,-18.878862105720486,0.885245901639344,0.0,0.0,3.1,44.0
-3.075,21.0,-5.923316004284518,6.30222222222222,-19.28214828822232,0.885245901639344,0.0,0.0,3.1,45.5
-3.35,21.0,-6.074630054577098,6.30222222222222,-19.687365623982856,0.885245901639344,0.0,0.0,3.1,47.0
-3.625,21.0,-6.229077300717622,6.30222222222222,-20.094535829037227,0.885245901639344,0.0,0.0,3.1,48.5
-3.9,21.0,-6.386596760748232,6.30222222222222,-20.503681005645547,0.885245901639344,0.0,0.0,3.1,50.0
-3.625,21.0,-6.137638673854673,6.30222222222222,-19.417005096340205,1.0,0.0,0.0,2.975,50.25
-3.35,21.0,-5.88855348575967,6.30222222222222,-18.344114382954416,1.0,0.0,0.0,2.85,50.5
-3.075,21.0,-5.639332477601817,6.30222222222222,-17.284607600902348,1.0,0.0,0.0,2.725,50.75
-2.8,21.0,-5.389964053015043,6.30222222222222,-16.238101540333275,1.0,0.0,0.0,2.6,51.0
-2.8,21.0,-5.390385602950008,6.30222222222222,-15.97846311053405,1.0,0.0,0.0,2.725,51.0
-2.8,21.0,-5.390804317078421,6.30222222222222,-15.719608694418412,1.0,0.0,0.0,2.85,51.0
-2.8,21.0,-5.391225237968276,6.30222222222222,-15.461532790110311,1.0,0.0,0.0,2.975,51.0
-2.8,21.0,-5.391646637481095,6.30222222222222,-15.204229956164454,1.0,0.0,0.0,3.1,51.0
-2.8,21.0,-5.3366533081578185,6.30222222222222,-15.140024407933424,1.0,0.0,0.0,3.1,52.0
-2.8,21.0,-5.281749798054097,6.30222222222222,-15.075866756427333,1.0,0.0,0.0,3.1,53.0
-2.8,21.0,-5.226934542661066,6.30222222222222,-15.01175691835789,1.0,0.0,0.0,3.1,54.0
-2.8,21.0,-5.172209060484662,6.30222222222222,-14.947694810664132,1.0,0.0,0.0,3.1,55.0
-2.8,21.0,-5.172209060484662,6.2883333333333296,-14.119193490716157,1.0,0.0,0.0,3.1,55.0
-2.8,21.0,-5.172209060484662,6.2883333333333296,-13.298566546768257,1.0,0.0,0.0,3.1,55.0
-2.8,21.0,-5.172209060484662,6.2883333333333296,-12.485641532491798,1.0,0.0,0.0,3.1,55.0
-2.8,21.0,-5.172209060484662,6.2883333333333296,-11.68025186283478,1.0,0.0,0.0,3.1,55.0
-2.8,21.0,-5.172592086015779,6.2883333333333296,-11.68025186283478,1.0,0.0,0.0,3.1,55.0
-2.8,21.0,-5.172975540155352,6.2883333333333296,-11.68025186283478,1.0,0.0,0.0,3.1,55.0
-2.8,21.0,-5.173358012248231,6.2883333333333296,-11.68025186283478,1.0,0.0,0.0,3.1,55.0
-2.8,21.0,-5.173740995205304,6.2883333333333296,-11.68025186283478,1.0,0.0,0.0,3.1,55.0
-2.8,21.0,-5.132727520826781,6.2883333333333296,-11.68025186283478,1.0,0.0,0.0,3.1,55.75
-2.8,21.0,-5.091762478251855,6.2883333333333296,-11.68025186283478,1.0,0.0,0.0,3.1,56.5
-2.8,21.0,-5.050848947403697,6.2883333333333296,-11.68025186283478,1.0,0.0,0.0,3.1,57.25
-2.8,21.0,-5.00998526271365,6.2883333333333296,-11.68025186283478,1.0,0.0,0.0,3.1,58.0
-3.075,21.0,-4.945460178831212,6.2883333333333296,-11.741941084571806,1.0,0.0,0.0,3.475,63.75
-3.35,21.0,-4.893432241438622,6.2883333333333296,-11.80367401104263,1.0,0.0,0.0,3.85,69.5
-3.625,21.0,-4.853442948776269,6.2883333333333296,-11.865450714563394,1.0,0.0,0.0,4.225,75.25
-3.9,21.0,-4.825053311919995,6.2883333333333296,-11.927271267638332,1.0,0.0,0.0,4.6,81.0
-3.9,21.0,-4.775849965747094,6.2883333333333296,-11.865450714563394,1.0,0.0,0.0,4.1,82.0
-3.9,21.0,-4.726700179341548,6.2883333333333296,-11.80367401104263,1.0,0.0,0.0,3.6,83.0
-3.9,21.0,-4.677610330975499,6.2883333333333296,-11.741941084571806,1.0,0.0,0.0,3.1,84.0
-3.9,21.0,-4.628580314161217,6.2883333333333296,-11.68025186283478,1.0,0.0,0.0,2.6,85.0
-3.75,21.0,-4.534234309035698,6.2883333333333296,-11.55700424523485,1.0,0.0,0.0,2.85,84.0
-3.6,21.0,-4.44082695106558,6.2883333333333296,-11.43393058345316,1.0,0.0,0.0,3.1,83.0
-3.45,21.0,-4.3483696756466665,6.2883333333333296,-11.311030305669078,1.0,0.0,0.0,3.35,82.0
-3.3,21.0,-4.25686759406766,6.2883333333333296,-11.18830284301032,1.0,0.0,0.0,3.6,81.0
-3.3,21.0,-4.25686759406766,6.2883333333333296,-11.18830284301032,1.0,0.0,0.0,3.475,81.0
-3.3,21.0,-4.25686759406766,6.2883333333333296,-11.18830284301032,1.0,0.0,0.0,3.35,81.0
-3.3,21.0,-4.25686759406766,6.2883333333333296,-11.18830284301032,1.0,0.0,0.0,3.225,81.0
-3.3,21.0,-4.25686759406766,6.2883333333333296,-11.18830284301032,1.0,0.0,0.0,3.1,81.0
-3.45,21.0,-4.31083792043941,6.2883333333333296,-11.311030305669078,0.868852459016393,23.25,1.5,3.475,82.75
-3.6,20.5,-4.366474350860903,6.2883333333333296,-11.43393058345316,0.868852459016393,31.0,2.0,3.85,84.5
-3.75,20.5,-4.423756521996581,6.2883333333333296,-11.55700424523485,0.868852459016393,53.75,7.75,4.225,86.25
-3.9,20.5,-4.482657897900628,6.2883333333333296,-11.68025186283478,0.868852459016393,76.5,13.5,4.6,88.0
-3.75,20.5,-4.374573619943516,6.2883333333333296,-11.495445705674854,0.409836065573771,99.25,19.25,4.6,87.25
-3.6,20.5,-4.26717088177391,6.2883333333333296,-11.311030305669078,0.409836065573771,122.0,25.0,4.6,86.5
-3.45,20.5,-4.160457411206014,6.2883333333333296,-11.127003740381326,0.409836065573771,134.5,22.5,4.6,85.75
-3.3,20.5,-4.05444044598939,6.2883333333333296,-10.943364102196256,0.409836065573771,147.0,20.0,4.6,85.0
-3.175,20.5,-3.896181229176639,6.2883333333333296,-10.760109498163956,0.245901639344262,159.5,17.5,4.6,85.75
-3.05,20.5,-3.737447046130988,6.2883333333333296,-10.577238049846642,0.245901639344262,172.0,15.0,4.6,86.5
-2.925,20.5,-3.5782428808642983,6.2883333333333296,-10.394747893167448,0.245901639344262,189.25,12.5,4.6,87.25
-2.8,20.5,-3.418564721011785,6.2883333333333296,-10.212637178261105,0.245901639344262,206.5,10.0,4.6,88.0
-2.6499999999999995,20.5,-3.3523460582331093,6.2883333333333296,-10.0914399288323,0.245901639344262,223.75,7.5,4.35,86.5
-2.5,20.5,-3.2876239935259317,6.2883333333333296,-9.970409963495,0.245901639344262,241.0,5.0,4.1,85.0
-2.35,20.5,-3.224415842833912,6.2883333333333296,-9.849546744481245,0.245901639344262,252.0,4.75,3.85,83.5
-2.2,20.5,-3.162744903371713,6.2883333333333296,-9.728849736734674,0.245901639344262,263.0,4.5,3.6,82.0
-2.075,20.5,-3.003110332660415,6.2883333333333296,-9.548114707428,0.245901639344262,274.0,4.25,3.35,82.75
-1.95,20.0,-2.8429957714822924,6.2883333333333296,-9.36775067081993,0.245901639344262,285.0,4.0,3.1,83.5
-1.825,20.0,-2.682394527723505,6.2883333333333296,-9.187755854850195,0.245901639344262,284.0,4.5,2.85,84.25
-1.7,20.0,-2.5213109935915283,6.2883333333333296,-9.008128500723217,0.245901639344262,283.0,5.0,2.6,85.0
-1.5499999999999998,20.0,-2.321768293485303,6.2883333333333296,-8.828866862773395,0.245901639344262,282.0,5.5,2.325,86.0
-1.4,20.0,-2.121465275754788,6.2883333333333296,-8.649969208331584,0.245901639344262,281.0,6.0,2.05,87.0
-1.25,20.0,-1.9204088016841403,6.2883333333333296,-8.471433817593663,0.245901639344262,271.5,5.25,1.775,88.0
-1.1,20.0,-1.7185976955069455,6.2883333333333296,-8.293258983490432,0.245901639344262,262.0,4.5,1.5,89.0
-0.975,20.0,-1.75521471744116,6.2883333333333296,-8.233947202588524,0.245901639344262,252.5,3.75,1.65,86.25
-0.8500000000000001,20.0,-1.7947187592715923,6.2883333333333296,-8.174675232709944,0.245901639344262,243.0,3.0,1.8,83.5
-0.725,20.0,-1.8371712831197768,6.2883333333333296,-8.115443011559535,0.245901639344262,244.75,3.0,1.95,80.75
-0.6,20.0,-1.882626125345441,6.2883333333333296,-8.056250476995217,0.245901639344262,246.5,3.0,2.1,78.0
-0.725,20.0,-1.9405886817306,6.2883333333333296,-8.174675232709944,0.245901639344262,248.25,3.0,2.225,79.0
-0.8500000000000001,20.0,-1.9994342261440052,6.2883333333333296,-8.293258983490432,0.245901639344262,250.0,3.0,2.35,80.0
-0.975,20.0,-2.0591559140458857,6.2883333333333296,-8.412002228312929,0.245901639344262,227.75,2.75,2.475,81.0
-1.1,20.0,-2.119746592244056,6.2883333333333296,-8.530905468618926,0.245901639344262,205.5,2.5,2.6,82.0
-1.1,20.0,-2.119595985392442,6.2883333333333296,-8.530905468618926,0.245901639344262,183.25,2.25,2.725,82.0
-1.1,20.0,-2.119446021383196,6.2883333333333296,-8.530905468618926,0.245901639344262,161.0,2.0,2.85,82.0
-1.1,20.0,-2.119296805337226,6.2883333333333296,-8.530905468618926,0.245901639344262,140.0,1.75,2.975,82.0
-1.1,20.0,-2.1191453647555782,6.2883333333333296,-8.530905468618926,0.245901639344262,119.0,1.5,3.1,82.0
-1.525,20.0,-2.5791032916174323,6.2883333333333296,-9.06796356436439,0.295081967213115,98.0,1.25,3.625,81.0
-1.95,20.0,-3.0368291380458587,6.2883333333333296,-9.608318407892057,0.295081967213115,77.0,1.0,4.15,80.0
-2.375,20.0,-3.492350131796988,6.2883333333333296,-10.152017609318364,0.295081967213115,61.75,0.75,4.675000000000001,79.0
-2.8,20.0,-3.945697724686309,6.2883333333333296,-10.699109868214803,0.295081967213115,46.5,0.5,5.2,78.0
-3.2,20.0,-4.282651047252389,6.2883333333333296,-11.127003740381326,0.540983606557377,31.25,0.25,5.7,78.75
-3.6,20.5,-4.621559898666793,6.2883333333333296,-11.55700424523485,0.540983606557377,0.0,0.0,6.2,79.5
-4.0,20.5,-4.962401319084004,6.2883333333333296,-11.989135742960627,0.540983606557377,0.0,0.0,6.7,80.25
-4.4,20.5,-5.305142375490336,6.2883333333333296,-12.423423039347256,0.540983606557377,0.0,0.0,7.2,81.0
-4.4,20.5,-5.341383247329072,6.2883333333333296,-12.485641532491798,0.885245901639344,0.0,0.0,6.425000000000001,80.25
-4.4,20.5,-5.377662537227886,6.2883333333333296,-12.54790461073378,0.885245901639344,0.0,0.0,5.65,79.5
-4.4,20.5,-5.413980070047834,6.2883333333333296,-12.610212348692698,0.885245901639344,0.0,0.0,4.875,78.75
-4.4,20.5,-5.450339186064344,6.2883333333333296,-12.672564821184324,0.885245901639344,0.0,0.0,4.1,78.0
-4.4,20.5,-5.450339186064344,6.2883333333333296,-12.672564821184324,0.885245901639344,0.0,0.0,4.225,78.0
-4.4,21.0,-5.450339186064344,6.2883333333333296,-12.672564821184324,0.885245901639344,0.0,0.0,4.35,78.0
-4.4,21.0,-5.450339186064344,6.2883333333333296,-12.672564821184324,0.885245901639344,0.0,0.0,4.475,78.0
-4.4,21.0,-5.450339186064344,6.2883333333333296,-12.672564821184324,0.885245901639344,0.0,0.0,4.6,78.0
-4.550000000000001,21.0,-5.591579119709394,6.2883333333333296,-12.859891396975796,0.885245901639344,0.0,0.0,5.0,78.0
-4.7,21.0,-5.732849313205626,6.2883333333333296,-13.047623295940127,0.885245901639344,0.0,0.0,5.4,78.0
-4.85,21.0,-5.874155422083718,6.2883333333333296,-13.235762570351367,0.885245901639344,0.0,0.0,5.800000000000001,78.0
-5.0,21.0,-6.015496108967032,6.2883333333333296,-13.424311288860224,0.885245901639344,0.0,0.0,6.2,78.0
-5.15,21.0,-6.156696370088387,6.2883333333333296,-13.613271536672755,1.0,0.0,0.0,5.95,78.0
-5.3,21.0,-6.2979358488489074,6.2883333333333296,-13.80264541573132,1.0,0.0,0.0,5.7,78.0
-5.449999999999999,21.0,-6.439210379289272,6.2883333333333296,-13.992435044898684,1.0,0.0,0.0,5.45,78.0
-5.6,21.0,-6.580522211266928,6.2883333333333296,-14.182642560143847,1.0,0.0,0.0,5.2,78.0
-5.6,21.0,-6.625575507354593,6.2883333333333296,-14.182642560143847,1.0,0.0,0.0,5.050000000000001,77.0
-5.6,21.0,-6.670673732729741,6.2883333333333296,-14.182642560143847,1.0,0.0,0.0,4.9,76.0
-5.6,21.0,-6.715813436760608,6.2883333333333296,-14.182642560143847,1.0,0.0,0.0,4.75,75.0
-5.6,21.0,-6.760994739112842,6.2883333333333296,-14.182642560143847,1.0,0.0,0.0,4.6,74.0
-5.725,21.0,-6.798806347969793,6.2883333333333296,-14.309680791862434,1.0,0.0,0.0,5.125,75.75
-5.85,21.0,-6.8379942606120245,6.2883333333333296,-14.436906349687431,1.0,0.0,0.0,5.65,77.5
-5.975,21.0,-6.878539084723596,6.2883333333333296,-14.564319879412608,1.0,0.0,0.0,6.175000000000001,79.25
-6.1,21.0,-6.92042620701132,6.2883333333333296,-14.691922030337082,1.0,0.0,0.0,6.7,81.0
-6.525,21.0,-7.399730356800923,6.27611111111111,-15.97846311053405,1.0,0.0,0.0,6.7,79.25
-6.949999999999999,21.0,-7.875615523207016,6.27611111111111,-17.284607600902348,1.0,0.0,0.0,6.7,77.5
-7.375,21.0,-8.348142706862921,6.27611111111111,-18.61106696063706,1.0,0.0,0.0,6.7,75.75
-7.8,21.0,-8.817371099099937,6.27611111111111,-19.95859408558755,1.0,0.0,0.0,6.7,74.0
-7.925,21.0,-8.865558646778798,6.27611111111111,-19.755091116835104,1.0,0.0,0.0,6.575,75.75
-8.05,21.0,-8.915009838009572,6.27611111111111,-19.55207727350708,1.0,0.0,0.0,6.45,77.5
-8.175,21.0,-8.96571503377991,6.27611111111111,-19.34954982123267,1.0,0.0,0.0,6.325,79.25
-8.3,21.0,-9.017656305143705,6.27611111111111,-19.147506049585477,1.0,0.0,0.0,6.2,81.0
-8.575000000000001,21.0,-9.38352755044684,6.27611111111111,-19.080265145231262,1.0,0.0,0.0,6.45,78.25
-8.850000000000001,21.0,-9.746149686817592,6.27611111111111,-19.013077585516584,1.0,0.0,0.0,6.7,75.5
-9.125,21.0,-10.1055480707082,6.27611111111111,-18.945943271798512,1.0,0.0,0.0,6.95,72.75
-9.4,21.0,-10.46174202852885,6.27611111111111,-18.878862105720486,1.0,0.0,0.0,7.2,70.0
-9.7,21.0,-10.820086917739063,6.27611111111111,-19.34954982123267,1.0,0.0,0.0,6.825,67.75
-10.0,21.0,-11.175623778075748,6.27611111111111,-19.82287095675724,1.0,0.0,0.0,6.45,65.5
-10.3,21.0,-11.52838967953933,6.27611111111111,-20.298860149163147,1.0,0.0,0.0,6.075,63.25
-10.6,21.0,-11.878438056025836,6.27611111111111,-20.777552756643928,1.0,0.0,0.0,5.7,61.0
-10.875,21.0,-12.080472214734254,6.27611111111111,-22.23021591010837,1.0,0.0,0.0,6.2,62.5
-11.15,21.0,-12.284736518532563,6.27611111111111,-23.708556427752228,1.0,0.0,0.0,6.7,64.0
-11.425,21.0,-12.491195219632475,6.27611111111111,-25.213658978339737,1.0,0.0,0.0,7.2,65.5
-11.7,21.0,-12.699801326648831,6.27611111111111,-26.746682017306853,1.0,0.0,0.0,7.7,67.0
-11.974999999999998,21.0,-13.023327150815032,6.27611111111111,-27.859475698321237,1.0,0.0,0.0,7.45,64.75
-12.25,21.0,-13.34453245448184,6.27611111111111,-28.987623904637616,1.0,0.0,0.0,7.2,62.5
-12.525000000000002,21.0,-13.663452001205044,6.27611111111111,-30.13163027042819,1.0,0.0,0.0,6.95,60.25
-12.8,21.0,-13.980138958605126,6.27611111111111,-31.29202488575632,1.0,0.0,0.0,6.7,58.0
-12.925,21.0,-14.080557790629337,6.27611111111111,-31.68256059383592,1.0,0.0,0.0,6.825,58.5
-13.05,21.0,-14.181298738042264,6.27611111111111,-32.07500043994321,1.0,0.0,0.0,6.95,59.0
-13.175,21.0,-14.282361405865435,6.27611111111111,-32.46936622864024,1.0,0.0,0.0,7.075,59.5
-13.3,21.0,-14.383740905767825,6.27611111111111,-32.865680159440785,1.0,0.0,0.0,7.2,60.0
-13.3,21.0,-14.383521379479271,6.27611111111111,-32.865680159440785,0.868852459016393,14.25,196.5,7.075,60.0
-13.3,21.0,-14.383302147024676,6.27611111111111,-32.865680159440785,0.868852459016393,19.0,262.0,6.95,60.0
-13.3,21.0,-14.383083182879062,6.27611111111111,-32.865680159440785,0.868852459016393,24.0,365.25,6.825,60.0
-13.3,21.0,-14.382864512095946,6.27611111111111,-32.865680159440785,0.868852459016393,29.0,468.5,6.7,60.0
-13.175,21.0,-14.281244571812325,6.27611111111111,-32.78626044281614,0.409836065573771,34.0,571.75,6.825,59.5
-13.05,21.0,-14.1799335877309,6.27611111111111,-32.70691937257729,0.409836065573771,39.0,675.0,6.95,59.0
-12.925,21.0,-14.078933012521238,6.27611111111111,-32.6276567672424,0.409836065573771,43.0,715.0,7.075,58.5
-12.8,21.0,-13.97824668581802,6.27611111111111,-32.5484724459869,0.409836065573771,47.0,755.0,7.2,58.0
-12.650000000000002,21.0,-13.898087136376004,6.27611111111111,-32.46936622864024,0.245901639344262,51.0,795.0,7.325,56.0
-12.5,21.0,-13.819321387245228,6.27611111111111,-32.390337935682595,0.245901639344262,55.0,835.0,7.45,54.0
-12.349999999999998,21.0,-13.741955303641308,6.27611111111111,-32.311387388241656,0.245901639344262,58.25,851.5,7.575,52.0
-12.2,21.0,-13.66601558545895,6.27611111111111,-32.23251440808957,0.245901639344262,61.5,868.0,7.7,50.0
-11.8,21.0,-13.284594189205867,6.27611111111111,-31.68256059383592,0.245901639344262,64.75,884.5,7.7,50.75
-11.4,21.0,-12.902631242365802,6.27611111111111,-31.13633895054917,0.245901639344262,68.0,901.0,7.7,51.5
-11.0,21.0,-12.520092327727845,6.27611111111111,-30.593790909574977,0.245901639344262,69.75,909.0,7.7,52.25
-10.6,21.0,-12.136928059561129,6.27611111111111,-30.054859333754592,0.245901639344262,71.5,917.0,7.7,53.0
-10.3,21.0,-11.945252684075191,6.27611111111111,-29.90153529622191,0.245901639344262,73.25,925.0,7.325,50.75
-10.0,21.0,-11.757380027042162,6.27611111111111,-29.74850064066098,0.245901639344262,75.0,933.0,6.95,48.5
-9.7,21.0,-11.573389899806289,6.27611111111111,-29.595754095859093,0.245901639344262,75.25,936.25,6.575,46.25
-9.4,21.0,-11.39338260612773,6.27611111111111,-29.44329439935683,0.245901639344262,75.5,939.5,6.2,44.0
-9.275,21.0,-11.23904323762032,6.27611111111111,-29.21513995485472,0.245901639344262,75.75,942.75,5.675000000000001,45.25
-9.15,21.0,-11.08404733255643,6.27611111111111,-28.987623904637616,0.245901639344262,76.0,946.0,5.15,46.5
-9.025,21.0,-10.928391113779997,6.27611111111111,-28.76074209620964,0.245901639344262,75.25,942.5,4.625,47.75
-8.9,21.0,-10.77207170931564,6.27611111111111,-28.53449041936236,0.245901639344262,74.5,939.0,4.1,49.0
-8.75,21.0,-10.697381361681714,6.27611111111111,-28.45921251859804,0.245901639344262,73.75,935.5,4.375,47.5
-8.600000000000001,21.0,-10.624030348269448,6.27611111111111,-28.384004030393896,0.245901639344262,73.0,932.0,4.65,46.0
-8.450000000000001,21.0,-10.55204261166882,6.27611111111111,-28.308864805590105,0.245901639344262,70.5,920.25,4.925000000000001,44.5
-8.3,21.0,-10.481436147510523,6.27611111111111,-28.233794695529923,0.245901639344262,68.0,908.5,5.2,43.0
-8.175,21.0,-10.413748107999425,6.27611111111111,-28.15879355205732,0.245901639344262,65.5,896.75,5.325,42.0
-8.05,21.0,-10.346852828863607,6.27611111111111,-28.0838612275148,0.245901639344262,63.0,885.0,5.45,41.0
-7.925,21.0,-10.280763634618944,6.27611111111111,-28.00899757474096,0.245901639344262,62.75,852.5,5.575,40.0
-7.8,21.0,-10.21548258040291,6.27611111111111,-27.934202447068373,0.245901639344262,62.5,820.0,5.7,39.0
-7.8,21.0,-10.266064572229398,6.27611111111111,-28.00899757474096,0.245901639344262,62.25,787.5,5.7,37.75
-7.8,21.0,-10.316689108919764,6.27611111111111,-28.0838612275148,0.245901639344262,62.0,755.0,5.7,36.5
-7.8,21.0,-10.367355358181603,6.27611111111111,-28.15879355205732,0.245901639344262,55.0,704.25,5.7,35.25
-7.8,21.0,-10.418063825398226,6.27611111111111,-28.233794695529923,0.245901639344262,48.0,653.5,5.7,34.0
-8.075,21.0,-10.59680045314954,6.27611111111111,-28.45921251859804,0.295081967213115,41.0,602.75,5.7,35.25
-8.35,21.0,-10.777969430623145,6.27611111111111,-28.685255057740164,0.295081967213115,34.0,552.0,5.7,36.5
-8.625,21.0,-10.961523171739517,6.27611111111111,-28.911926367689432,0.295081967213115,28.0,436.75,5.7,37.75
-8.9,21.0,-11.14741343203046,6.27611111111111,-29.13923054468881,0.295081967213115,22.0,321.5,5.7,39.0
-9.325,21.0,-11.446288590949454,6.27611111111111,-29.519488470134547,0.540983606557377,16.0,206.25,4.925000000000001,40.75
-9.75,21.0,-11.75005480160447,6.27611111111111,-29.90153529622191,0.540983606557377,0.0,0.0,4.15,42.5
-10.175,21.0,-12.058576954635686,6.27611111111111,-30.28539078379461,0.540983606557377,0.0,0.0,3.375,44.25
-10.6,21.0,-12.371735243187398,6.27611111111111,-30.671075038896618,0.540983606557377,0.0,0.0,2.6,46.0
-10.725,21.0,-12.464416200280176,6.27611111111111,-30.748433136141955,0.885245901639344,0.0,0.0,2.6,46.5
-10.85,21.0,-12.557499406912022,6.27611111111111,-30.825865366708086,0.885245901639344,0.0,0.0,2.6,47.0
-10.975,21.0,-12.650982688620596,6.27611111111111,-30.903371896574072,0.885245901639344,0.0,0.0,2.6,47.5
-11.1,21.0,-12.7448631712603,6.27611111111111,-30.980952892303662,0.885245901639344,0.0,0.0,2.6,48.0
-11.25,21.0,-12.822185834541177,6.27611111111111,-31.05860852104817,0.885245901639344,0.0,0.0,2.85,49.75
-11.4,21.0,-12.900867349374243,6.27611111111111,-31.13633895054917,0.885245901639344,0.0,0.0,3.1,51.5
-11.55,21.0,-12.980898247695386,6.27611111111111,-31.21414434914161,0.885245901639344,0.0,0.0,3.35,53.25
-11.7,21.0,-13.062256817049324,6.27611111111111,-31.29202488575632,0.885245901639344,0.0,0.0,3.6,55.0
-11.7,21.0,-13.100660306194875,6.27611111111111,-31.369980729923213,0.885245901639344,0.0,0.0,3.725,53.75
-11.7,21.0,-13.13909428369541,6.27611111111111,-31.448012051773983,0.885245901639344,0.0,0.0,3.85,52.5
-11.7,21.0,-13.17755872328916,6.27611111111111,-31.52611902204515,0.885245901639344,0.0,0.0,3.975,51.25
-11.7,21.0,-13.216052715314024,6.27611111111111,-31.60430181208085,0.885245901639344,0.0,0.0,4.1,50.0
-11.825,21.0,-13.327846313922034,6.27611111111111,-31.760895539878845,1.0,0.0,0.0,4.375,50.0
-11.95,21.0,-13.43971607991372,6.27611111111111,-31.917794618188168,1.0,0.0,0.0,4.65,50.0
-12.075,21.0,-13.55166323840201,6.27611111111111,-32.07500043994321,1.0,0.0,0.0,4.925000000000001,50.0
-12.2,21.0,-13.663686152527337,6.27611111111111,-32.23251440808957,1.0,0.0,0.0,5.2,50.0
-12.474999999999998,21.0,-13.852186480295057,6.27611111111111,-32.46936622864024,1.0,0.0,0.0,5.2,52.0
-12.75,21.0,-14.043437098673492,6.27611111111111,-32.70691937257729,1.0,0.0,0.0,5.2,54.0
-13.025000000000002,21.0,-14.237371588366836,6.27611111111111,-32.94517870459339,1.0,0.0,0.0,5.2,56.0
-13.3,21.0,-14.43394383518378,6.27611111111111,-33.18414914261817,1.0,0.0,0.0,5.2,58.0
-13.3,21.0,-14.37915717443354,6.27611111111111,-33.02475626108006,1.0,0.0,0.0,5.050000000000001,60.0
-13.3,21.0,-14.3244494167528,6.27611111111111,-32.865680159440785,1.0,0.0,0.0,4.9,62.0
-13.3,21.0,-14.269821448206924,6.27611111111111,-32.70691937257729,1.0,0.0,0.0,4.75,64.0
-13.3,21.0,-14.215272288689537,6.27611111111111,-32.5484724459869,1.0,0.0,0.0,4.6,66.0
-13.575,21.0,-14.472267784315608,6.26555555555555,-32.865680159440785,1.0,0.0,0.0,4.35,66.0
-13.85,21.0,-14.7295051868774,6.26555555555555,-33.18414914261817,1.0,0.0,0.0,4.1,66.0
-14.125,21.0,-14.986983837345305,6.26555555555555,-33.5038911596225,1.0,0.0,0.0,3.85,66.0
-14.4,21.0,-15.24469816388729,6.26555555555555,-33.824918147908136,1.0,0.0,0.0,3.6,66.0
-14.275,21.0,-15.14630428997974,6.26555555555555,-33.74454027533375,1.0,0.0,0.0,3.725,65.25
-14.15,21.0,-15.048312399623748,6.26555555555555,-33.66424327939757,1.0,0.0,0.0,3.85,64.5
-14.025,21.0,-14.95072556302556,6.26555555555555,-33.58402697047086,1.0,0.0,0.0,3.975,63.75
-13.9,21.0,-14.85354797638313,6.26555555555555,-33.5038911596225,1.0,0.0,0.0,4.1,63.0
-13.9,21.0,-14.814553542429064,6.26555555555555,-33.10441301237381,1.0,0.0,0.0,4.1,64.5
-13.9,21.0,-14.775587588678558,6.26555555555555,-32.70691937257729,1.0,0.0,0.0,4.1,66.0
-13.9,21.0,-14.736650123776432,6.26555555555555,-32.311387388241656,1.0,0.0,0.0,4.1,67.5
-13.9,21.0,-14.697740166926096,6.26555555555555,-31.917794618188168,1.0,0.0,0.0,4.1,69.0
-13.9,21.0,-14.736650123776432,6.26555555555555,-31.52611902204515,1.0,0.0,0.0,4.1,67.5
-13.9,21.0,-14.775587588678558,6.26555555555555,-31.13633895054917,1.0,0.0,0.0,4.1,66.0
-13.9,21.0,-14.814553542429064,6.26555555555555,-30.748433136141955,1.0,0.0,0.0,4.1,64.5
-13.9,21.0,-14.85354797638313,6.26555555555555,-30.36238068385134,1.0,0.0,0.0,4.1,63.0
-14.175,21.0,-15.147534183933088,6.26555555555555,-31.21414434914161,1.0,0.0,0.0,3.85,61.5
-14.45,21.0,-15.440241176476375,6.26555555555555,-32.07500043994321,1.0,0.0,0.0,3.6,60.0
-14.725,21.0,-15.731698551760102,6.26555555555555,-32.94517870459339,1.0,0.0,0.0,3.35,58.5
-15.0,21.0,-16.021938339312854,6.26555555555555,-33.824918147908136,1.0,0.0,0.0,3.1,57.0
-14.85,21.0,-15.8835042074529,6.26555555555555,-33.66424327939757,1.0,0.0,0.0,2.85,57.0
-14.7,21.0,-15.745163003401828,6.26555555555555,-33.5038911596225,1.0,0.0,0.0,2.6,57.0
-14.55,21.0,-15.606913202730022,6.26555555555555,-33.34386027990459,1.0,0.0,0.0,2.35,57.0
-14.4,21.0,-15.468755739855515,6.26555555555555,-33.18414914261817,1.0,0.0,0.0,2.1,57.0
-14.55,21.0,-15.569700652159124,6.26555555555555,-32.94517870459339,1.0,0.0,0.0,2.225,58.5
-14.7,21.0,-15.67160175054994,6.26555555555555,-32.70691937257729,1.0,0.0,0.0,2.35,60.0
-14.85,21.0,-15.774446995473877,6.26555555555555,-32.46936622864024,1.0,0.0,0.0,2.475,61.5
-15.0,21.0,-15.87822343213332,6.26555555555555,-32.23251440808957,1.0,0.0,0.0,2.6,63.0
-14.725,21.0,-15.639600789204176,6.26555555555555,-30.36238068385134,0.868852459016393,26.25,0.75,2.725,62.25
-14.45,21.0,-15.402000516299852,6.26555555555555,-28.53449041936236,0.868852459016393,35.0,1.0,2.85,61.5
-14.175,21.0,-15.165443858963693,6.26555555555555,-26.746682017306853,0.868852459016393,49.75,1.25,2.975,60.75
-13.9,21.0,-14.929946475336756,6.26555555555555,-24.996962770626453,0.868852459016393,64.5,1.5,3.1,60.0
-13.75,21.0,-14.824187266017468,6.26555555555555,-24.85281339980594,0.409836065573771,79.25,1.75,3.1,58.75
-13.6,21.0,-14.719264919526736,6.26555555555555,-24.708914651145108,0.409836065573771,94.0,2.0,3.1,57.5
-13.45,21.0,-14.615194331633145,6.26555555555555,-24.565265510271075,0.409836065573771,105.5,18.75,3.1,56.25
-13.3,21.0,-14.511988553268257,6.26555555555555,-24.42186496924782,0.409836065573771,117.0,35.5,3.1,55.0
-12.900000000000002,21.0,-14.182538505153865,6.26555555555555,-25.286017468759184,0.245901639344262,128.5,52.25,3.225,53.75
-12.5,21.0,-13.855895426561451,6.26555555555555,-26.159304028887615,0.245901639344262,140.0,69.0,3.35,52.5
-12.099999999999998,21.0,-13.532120598634604,6.26555555555555,-27.04195315036381,0.245901639344262,150.5,85.5,3.475,51.25
-11.7,21.0,-13.211292087160068,6.26555555555555,-27.934202447068373,0.245901639344262,161.0,102.0,3.6,50.0
-11.124999999999998,21.0,-12.746212953770092,6.26555555555555,-27.412543038812004,0.245901639344262,171.5,118.5,3.35,48.5
-10.55,21.0,-12.286825952071922,6.26555555555555,-26.89418481789892,0.245901639344262,182.0,135.0,3.1,47.0
-9.975,21.0,-11.83331104876987,6.26555555555555,-26.379079446827888,0.245901639344262,203.0,212.75,2.85,45.5
-9.4,21.0,-11.38584869858306,6.26555555555555,-25.86717969110225,0.245901639344262,224.0,290.5,2.6,44.0
-9.4,21.0,-11.38584869858306,6.26555555555555,-25.721504917877557,0.245901639344262,245.0,368.25,2.85,44.0
-9.4,21.0,-11.38584869858306,6.26555555555555,-25.576086991411813,0.245901639344262,266.0,446.0,3.1,44.0
-9.4,21.0,-11.38584869858306,6.26555555555555,-25.430924857509662,0.245901639344262,278.25,411.0,3.35,44.0
-9.4,21.0,-11.38584869858306,6.26555555555555,-25.286017468759184,0.245901639344262,290.5,376.0,3.6,44.0
-8.725000000000001,21.0,-10.81100850507697,6.26555555555555,-24.63705894288097,0.245901639344262,302.75,341.0,3.725,43.75
-8.05,21.0,-10.23956886959044,6.26555555555555,-23.993144961310406,0.245901639344262,315.0,306.0,3.85,43.5
-7.375,21.0,-9.671557523680624,6.26555555555555,-23.354184965290276,0.245901639344262,283.75,403.25,3.975,43.25
-6.7,21.0,-9.1069748600268,6.26555555555555,-22.72009092481335,0.245901639344262,252.5,500.5,4.1,43.0
-6.550000000000001,21.0,-9.001886724911317,6.26555555555555,-22.649932657929924,0.245901639344262,221.25,597.75,4.1,42.5
-6.4,21.0,-8.897373411568623,6.26555555555555,-22.57983328984284,0.245901639344262,190.0,695.0,4.1,42.0
-6.249999999999999,21.0,-8.79344342948242,6.26555555555555,-22.509792705306324,0.245901639344262,157.75,744.5,4.1,41.5
-6.1,21.0,-8.69010497701311,6.26555555555555,-22.43981078942861,0.245901639344262,125.5,794.0,4.1,41.0
-5.824999999999999,21.0,-8.424219564147531,6.26555555555555,-22.860584617731035,0.245901639344262,93.25,843.5,3.85,41.75
-5.55,21.0,-8.15755090361316,6.26555555555555,-23.283491364033864,0.245901639344262,61.0,893.0,3.6,42.5
-5.275,21.0,-7.890075686184303,6.26555555555555,-23.708556427752228,0.245901639344262,92.75,694.5,3.35,43.25
-5.0,21.0,-7.621778298721834,6.26555555555555,-24.13580568686021,0.245901639344262,124.5,496.0,3.1,44.0
-4.85,21.0,-7.568742700473314,6.26555555555555,-22.57983328984284,0.245901639344262,156.25,297.5,3.625,42.5
-4.7,21.0,-7.517356380561382,6.26555555555555,-21.052319029241545,0.245901639344262,188.0,99.0,4.15,41.0
-4.550000000000001,21.0,-7.467648539730253,6.26555555555555,-19.55207727350708,0.245901639344262,162.0,97.5,4.675000000000001,39.5
-4.4,21.0,-7.419635714517976,6.26555555555555,-18.077998212879976,0.245901639344262,136.0,96.0,5.2,38.0
-4.7,21.0,-7.704158240068165,6.26555555555555,-18.945943271798512,0.295081967213115,110.0,94.5,4.925000000000001,37.25
-5.0,21.0,-7.987820510731892,6.26555555555555,-19.82287095675724,0.295081967213115,84.0,93.0,4.65,36.5
-5.299999999999999,21.0,-8.270646662713602,6.26555555555555,-20.70900122316141,0.295081967213115,65.75,91.25,4.375,35.75
-5.6,21.0,-8.552664128504649,6.26555555555555,-21.60456261041133,0.295081967213115,47.5,89.5,4.1,35.0
-5.874999999999999,21.0,-8.732140500724729,6.26555555555555,-22.509792705306324,0.540983606557377,29.25,87.75,3.85,36.0
-6.15,21.0,-8.913800576705826,6.26555555555555,-23.42493863759989,0.540983606557377,0.0,0.0,3.6,37.0
-6.425000000000001,21.0,-9.097605518186716,6.26555555555555,-24.350257610446533,0.540983606557377,0.0,0.0,3.35,38.0
-6.7,21.0,-9.283518726785893,6.26555555555555,-25.286017468759184,0.540983606557377,0.0,0.0,3.1,39.0
-6.825,21.0,-9.323346448256574,6.26555555555555,-25.64876391484671,0.885245901639344,0.0,0.0,3.35,40.5
-6.95,21.0,-9.364438010248785,6.26555555555555,-26.013112372124624,0.885245901639344,0.0,0.0,3.6,42.0
-7.075,21.0,-9.40677689350435,6.26555555555555,-26.379079446827888,0.885245901639344,0.0,0.0,3.85,43.5
-7.2,21.0,-9.45034948647805,6.26555555555555,-26.746682017306853,0.885245901639344,0.0,0.0,4.1,45.0
-7.35,21.0,-9.55838988142754,6.26555555555555,-26.89418481789892,0.885245901639344,0.0,0.0,3.975,45.5
-7.5,21.0,-9.66696787361653,6.26555555555555,-27.04195315036381,0.885245901639344,0.0,0.0,3.85,46.0
-7.649999999999999,21.0,-9.776078186932027,6.26555555555555,-27.18998813273234,0.885245901639344,0.0,0.0,3.725,46.5
-7.8,21.0,-9.88571980791492,6.26555555555555,-27.338290890450622,0.885245901639344,0.0,0.0,3.6,47.0
-7.8,21.0,-9.885339081867455,6.26555555555555,-27.338290890450622,0.885245901639344,0.0,0.0,3.725,47.0
-7.8,21.0,-9.884957960451118,6.26555555555555,-27.338290890450622,0.885245901639344,0.0,0.0,3.85,47.0
-7.8,21.0,-9.884577075024458,6.26555555555555,-27.338290890450622,0.885245901639344,0.0,0.0,3.975,47.0
-7.8,21.0,-9.884195824000075,6.26555555555555,-27.338290890450622,0.885245901639344,0.0,0.0,4.1,47.0
-7.8,21.0,-9.92458024898364,6.26555555555555,-27.412543038812004,1.0,0.0,0.0,4.225,46.0
-7.8,21.0,-9.96500290471838,6.26555555555555,-27.48686255644742,1.0,0.0,0.0,4.35,45.0
-7.8,21.0,-10.00546582743262,6.26555555555555,-27.561249586153195,1.0,0.0,0.0,4.475,44.0
-7.8,21.0,-10.045967865288288,6.26555555555555,-27.635704271202,1.0,0.0,0.0,4.6,43.0
-8.2,21.0,-10.309848110471066,6.26555555555555,-27.934202447068373,1.0,0.0,0.0,4.6,45.0
-8.6,21.0,-10.579001704553656,6.26555555555555,-28.233794695529923,1.0,0.0,0.0,4.6,47.0
-9.0,21.0,-10.853283003818053,6.26555555555555,-28.53449041936236,1.0,0.0,0.0,4.6,49.0
-9.4,21.0,-11.132548700820756,6.26555555555555,-28.83629914895596,1.0,0.0,0.0,4.6,51.0
-9.4,21.0,-11.105494283218263,6.26555555555555,-28.83629914895596,1.0,0.0,0.0,4.475,51.75
-9.4,21.0,-11.078457662439856,6.26555555555555,-28.83629914895596,1.0,0.0,0.0,4.35,52.5
-9.4,21.0,-11.051436840170062,6.26555555555555,-28.83629914895596,1.0,0.0,0.0,4.225,53.25
-9.4,21.0,-11.024433905142905,6.26555555555555,-28.83629914895596,1.0,0.0,0.0,4.1,54.0
-9.275,21.0,-10.994287483222866,6.25666666666667,-28.83629914895596,1.0,0.0,0.0,3.975,51.75
-9.15,21.0,-10.965722584876795,6.25666666666667,-28.83629914895596,1.0,0.0,0.0,3.85,49.5
-9.025,21.0,-10.938761505206068,6.25666666666667,-28.83629914895596,1.0,0.0,0.0,3.725,47.25
-8.9,21.0,-10.913425881680904,6.25666666666667,-28.83629914895596,1.0,0.0,0.0,3.6,45.0
-8.9,21.0,-10.89431022199256,6.25666666666667,-28.76074209620964,1.0,0.0,0.0,4.125,45.5
-8.9,21.0,-10.875210634600206,6.25666666666667,-28.685255057740164,1.0,0.0,0.0,4.65,46.0
-8.9,21.0,-10.856126006024164,6.25666666666667,-28.60983788235211,1.0,0.0,0.0,5.175000000000001,46.5
-8.9,21.0,-10.837056446498952,6.25666666666667,-28.53449041936236,1.0,0.0,0.0,5.7,47.0
-9.325,21.0,-11.154161599165487,6.25666666666667,-28.45921251859804,1.0,0.0,0.0,5.575,48.5
-9.75,21.0,-11.47540041356669,6.25666666666667,-28.384004030393896,1.0,0.0,0.0,5.45,50.0
-10.175,21.0,-11.80066168534119,6.25666666666667,-28.308864805590105,1.0,0.0,0.0,5.325,51.5
-10.6,21.0,-12.129854312433208,6.25666666666667,-28.233794695529923,1.0,0.0,0.0,5.2,53.0
-10.45,21.0,-11.928368147835595,6.25666666666667,-26.96803572294334,1.0,0.0,0.0,4.800000000000001,55.0
-10.3,21.0,-11.725703021653,6.25666666666667,-25.721504917877557,1.0,0.0,0.0,4.4,57.0
-10.15,21.0,-11.521853394523427,6.25666666666667,-24.493534227524208,1.0,0.0,0.0,4.0,59.0
-10.0,21.0,-11.316817952684248,6.25666666666667,-23.283491364033864,1.0,0.0,0.0,3.6,61.0
-10.15,21.0,-11.453685781851838,6.25666666666667,-23.42493863759989,1.0,0.0,0.0,3.6,61.0
-10.3,21.0,-11.59064191973565,6.25666666666667,-23.56662667270851,1.0,0.0,0.0,3.6,61.0
-10.45,21.0,-11.7276774273517,6.25666666666667,-23.708556427752228,1.0,0.0,0.0,3.6,61.0
-10.6,21.0,-11.864795459793044,6.25666666666667,-23.850728867132347,1.0,0.0,0.0,3.6,61.0
-10.6,21.0,-11.733203242822034,6.25666666666667,-22.93092027604007,1.0,0.0,0.0,3.85,65.0
-10.6,21.0,-11.602039721715869,6.25666666666667,-22.02114494628276,1.0,0.0,0.0,4.1,69.0
-10.6,21.0,-11.47130192230445,6.25666666666667,-21.12115116697973,1.0,0.0,0.0,4.35,73.0
-10.6,21.0,-11.340995039074365,6.25666666666667,-20.23069701051457,1.0,0.0,0.0,4.6,77.0
-10.6,21.0,-11.422135392105536,6.25666666666667,-20.298860149163147,1.0,0.0,0.0,4.475,74.5
-10.6,21.0,-11.503391274533769,6.25666666666667,-20.367078458312022,1.0,0.0,0.0,4.35,72.0
-10.6,21.0,-11.58476434408841,6.25666666666667,-20.43535204226734,1.0,0.0,0.0,4.225,69.5
-10.6,21.0,-11.66625246749028,6.25666666666667,-20.503681005645547,1.0,0.0,0.0,4.1,67.0
-10.6,21.0,-11.617230587653763,6.25666666666667,-20.43535204226734,0.868852459016393,12.75,3.0,3.975,68.5
-10.6,20.5,-11.568261454382077,6.25666666666667,-20.367078458312022,0.868852459016393,17.0,4.0,3.85,70.0
-10.6,20.5,-11.519345254550318,6.25666666666667,-20.298860149163147,0.868852459016393,27.75,129.0,3.725,71.5
-10.6,20.5,-11.470481837453532,6.25666666666667,-20.23069701051457,0.868852459016393,38.5,254.0,3.6,73.0
-10.175,20.5,-11.120857785048363,6.25666666666667,-21.25898487935862,0.409836065573771,49.25,379.0,3.475,71.5
-9.75,20.5,-10.77465640528109,6.25666666666667,-22.30002250584317,0.409836065573771,60.0,504.0,3.35,70.0
-9.325,20.5,-10.431954961568843,6.25666666666667,-23.354184965290276,0.409836065573771,79.75,489.5,3.225,68.5
-8.9,20.5,-10.092850163632756,6.25666666666667,-24.42186496924782,0.409836065573771,99.5,475.0,3.1,67.0
-8.75,20.5,-9.945176123664968,6.25666666666667,-24.20722809326304,0.245901639344262,119.25,460.5,2.975,67.25
-8.600000000000001,20.5,-9.797379658103717,6.25666666666667,-23.993144961310406,0.245901639344262,139.0,446.0,2.85,67.5
-8.450000000000001,20.5,-9.649464385689262,6.25666666666667,-23.77961225138904,0.245901639344262,155.25,402.5,2.725,67.75
-8.3,20.5,-9.501429882097918,6.25666666666667,-23.56662667270851,0.245901639344262,171.5,359.0,2.6,68.0
-7.75,20.5,-9.07259800986557,6.25666666666667,-22.57983328984284,0.245901639344262,187.75,315.5,2.85,66.0
-7.2,20.5,-8.650362794887247,6.25666666666667,-21.60456261041133,0.245901639344262,204.0,272.0,3.1,64.0
-6.65,20.5,-8.234946796631494,6.25666666666667,-20.64050549069495,0.245901639344262,219.25,298.0,3.35,62.0
-6.1,20.5,-7.826559628907082,6.25666666666667,-19.687365623982856,0.245901639344262,234.5,324.0,3.6,60.0
-5.975,20.5,-7.804059308560963,6.25666666666667,-19.417005096340205,0.245901639344262,249.75,350.0,3.075,58.0
-5.85,20.0,-7.783257093036885,6.25666666666667,-19.147506049585477,0.245901639344262,265.0,376.0,2.55,56.0
-5.725,20.0,-7.764178322368597,6.25666666666667,-18.878862105720486,0.245901639344262,276.5,300.0,2.025,54.0
-5.6,20.0,-7.746844824766962,6.25666666666667,-18.61106696063706,0.245901639344262,288.0,224.0,1.5,52.0
-5.299999999999999,20.0,-7.5090226481169955,6.25666666666667,-17.87895631209119,0.245901639344262,299.5,148.0,1.65,51.5
-5.0,20.0,-7.272467789770715,6.25666666666667,-17.15309103607177,0.245901639344262,311.0,72.0,1.8,51.0
-4.7,20.0,-7.037191148859979,6.25666666666667,-16.43334821595721,0.245901639344262,288.5,55.5,1.95,50.5
-4.4,20.0,-6.803210706927693,6.25666666666667,-15.719608694418412,0.245901639344262,266.0,39.0,2.1,50.0
-4.4,20.0,-6.828503559103075,6.25666666666667,-15.332785077096672,0.245901639344262,243.5,22.5,2.475,49.5
-4.4,20.0,-6.853823135865365,6.25666666666667,-14.947694810664132,0.245901639344262,221.0,6.0,2.85,49.0
-4.4,20.0,-6.879169276901238,6.25666666666667,-14.564319879412608,0.245901639344262,214.75,7.0,3.225,48.5
-4.4,20.0,-6.904542055924865,6.25666666666667,-14.182642560143847,0.245901639344262,208.5,8.0,3.6,48.0
-4.4,20.0,-6.879588382756213,6.25666666666667,-14.119193490716157,0.245901639344262,202.25,9.0,3.35,48.5
-4.4,20.0,-6.854649516485312,6.25666666666667,-14.05579101221764,0.245901639344262,196.0,10.0,3.1,49.0
-4.4,20.0,-6.82972889469074,6.25666666666667,-13.992435044898684,0.245901639344262,188.0,8.5,2.85,49.5
-4.4,20.0,-6.8048265783260895,6.25666666666667,-13.929125509223809,0.245901639344262,180.0,7.0,2.6,50.0
-4.7,20.0,-7.063203478944271,6.25666666666667,-14.309680791862434,0.245901639344262,172.0,5.5,2.475,50.0
-5.0,20.0,-7.32196403795525,6.25666666666667,-14.691922030337082,0.245901639344262,164.0,4.0,2.35,50.0
-5.299999999999999,20.0,-7.581105990278956,6.25666666666667,-15.075866756427333,0.245901639344262,138.0,3.5,2.225,50.0
-5.6,20.0,-7.840638777879683,6.25666666666667,-15.461532790110311,0.245901639344262,112.0,3.0,2.1,50.0
-5.6,20.0,-7.817540065791831,6.25666666666667,-15.461532790110311,0.295081967213115,86.0,2.5,1.5750000000000002,50.5
-5.6,20.0,-7.794454603164973,6.25666666666667,-15.461532790110311,0.295081967213115,60.0,2.0,1.05,51.0
-5.6,20.0,-7.771384175967266,6.25666666666667,-15.461532790110311,0.295081967213115,48.25,1.75,0.525,51.5
-5.6,20.0,-7.748327065538707,6.25666666666667,-15.461532790110311,0.295081967213115,36.5,1.5,0.0,52.0
-5.725,20.0,-7.857673094753588,6.25666666666667,-15.59047376978441,0.540983606557377,24.75,1.25,0.0,52.0
-5.85,20.5,-7.96708168749393,6.25666666666667,-15.719608694418412,0.540983606557377,0.0,0.0,0.0,52.0
-5.975,20.5,-8.076552846068658,6.25666666666667,-15.848938246060072,0.540983606557377,0.0,0.0,0.0,52.0
-6.1,20.5,-8.186084747402436,6.25666666666667,-15.97846311053405,0.540983606557377,0.0,0.0,0.0,52.0
-6.249999999999999,20.5,-8.228720151710176,6.25666666666667,-16.04329900044314,0.885245901639344,0.0,0.0,0.65,54.0
-6.4,20.5,-8.273330996950405,6.25666666666667,-16.108183977470446,0.885245901639344,0.0,0.0,1.3,56.0
-6.550000000000001,20.5,-8.319885416327578,6.25666666666667,-16.17311812841899,0.885245901639344,0.0,0.0,1.95,58.0
-6.7,20.5,-8.368353585636406,6.25666666666667,-16.238101540333275,0.885245901639344,0.0,0.0,2.6,60.0
-6.7,20.5,-8.368647218356429,6.25666666666667,-16.238101540333275,0.885245901639344,0.0,0.0,2.475,60.0
-6.7,21.0,-8.368939424622571,6.25666666666667,-16.238101540333275,0.885245901639344,0.0,0.0,2.35,60.0
-6.7,21.0,-8.369232219413599,6.25666666666667,-16.238101540333275,0.885245901639344,0.0,0.0,2.225,60.0
-6.7,21.0,-8.369525552441528,6.25666666666667,-16.238101540333275,0.885245901639344,0.0,0.0,2.1,60.0
-6.7,21.0,-8.348193223935972,6.25666666666667,-16.238101540333275,0.885245901639344,0.0,0.0,2.225,60.5
-6.7,21.0,-8.326873590848363,6.25666666666667,-16.238101540333275,0.885245901639344,0.0,0.0,2.35,61.0
-6.7,21.0,-8.30556637550152,6.25666666666667,-16.238101540333275,0.885245901639344,0.0,0.0,2.475,61.5
-6.7,21.0,-8.284270014578281,6.25666666666667,-16.238101540333275,0.885245901639344,0.0,0.0,2.6,62.0
-6.7,21.0,-8.337820102130946,6.25666666666667,-16.30313430050029,1.0,0.0,0.0,2.475,60.75
-6.7,21.0,-8.391463613338928,6.25666666666667,-16.36821649645009,1.0,0.0,0.0,2.35,59.5
-6.7,21.0,-8.445199107436602,6.25666666666667,-16.43334821595721,1.0,0.0,0.0,2.225,58.25
-6.7,21.0,-8.499028537688558,6.25666666666667,-16.498529547041073,1.0,0.0,0.0,2.1,57.0
-6.7,21.0,-8.44550620898498,6.25666666666667,-16.43334821595721,1.0,0.0,0.0,2.225,58.25
-6.7,21.0,-8.392057087370898,6.25666666666667,-16.36821649645009,1.0,0.0,0.0,2.35,59.5
-6.7,21.0,-8.338681090518222,6.25666666666667,-16.30313430050029,1.0,0.0,0.0,2.475,60.75
-6.7,21.0,-8.285380086291829,6.25666666666667,-16.238101540333275,1.0,0.0,0.0,2.6,62.0
-6.7,21.0,-8.285657352743645,6.25666666666667,-16.238101540333275,1.0,0.0,0.0,2.475,62.0
-6.7,21.0,-8.285935218565877,6.25666666666667,-16.238101540333275,1.0,0.0,0.0,2.35,62.0
-6.7,21.0,-8.286213512857799,6.25666666666667,-16.238101540333275,1.0,0.0,0.0,2.225,62.0
-6.7,21.0,-8.286492112962668,6.25666666666667,-16.238101540333275,1.0,0.0,0.0,2.1,62.0
-6.825,21.0,-8.399707423695157,6.24944444444445,-16.36821649645009,1.0,0.0,0.0,2.225,62.0
-6.95,21.0,-8.512969224401333,6.24944444444445,-16.498529547041073,1.0,0.0,0.0,2.35,62.0
-7.075,21.0,-8.62628067171802,6.24944444444445,-16.62904139724884,1.0,0.0,0.0,2.475,62.0
-7.2,21.0,-8.739637931912796,6.24944444444445,-16.759752756168382,1.0,0.0,0.0,2.6,62.0
-7.2,21.0,-8.739912589414738,6.24944444444445,-16.759752756168382,1.0,0.0,0.0,2.85,62.0
-7.2,21.0,-8.740185933561591,6.24944444444445,-16.759752756168382,1.0,0.0,0.0,3.1,62.0
-7.2,21.0,-8.740459620771183,6.24944444444445,-16.759752756168382,1.0,0.0,0.0,3.35,62.0
-7.2,21.0,-8.740732099109785,6.24944444444445,-16.759752756168382,1.0,0.0,0.0,3.6,62.0
-7.35,21.0,-8.815339591818223,6.24944444444445,-16.890664336877478,1.0,0.0,0.0,3.475,63.5
-7.5,21.0,-8.89126479817624,6.24944444444445,-17.021776856466886,1.0,0.0,0.0,3.35,65.0
-7.649999999999999,21.0,-8.968487825270365,6.24944444444445,-17.15309103607177,1.0,0.0,0.0,3.225,66.5
-7.8,21.0,-9.046997181115517,6.24944444444445,-17.284607600902348,1.0,0.0,0.0,3.1,68.0
-7.8,21.0,-9.046997181115517,6.24944444444445,-17.284607600902348,1.0,0.0,0.0,2.975,68.0
-7.8,21.0,-9.046997181115517,6.24944444444445,-17.284607600902348,1.0,0.0,0.0,2.85,68.0
-7.8,21.0,-9.046997181115517,6.24944444444445,-17.284607600902348,1.0,0.0,0.0,2.725,68.0
-7.8,21.0,-9.046997181115517,6.24944444444445,-17.284607600902348,1.0,0.0,0.0,2.6,68.0
-7.8,21.0,-9.047221841683626,6.24944444444445,-17.284607600902348,1.0,0.0,0.0,2.85,68.0
-7.8,21.0,-9.047445139852918,6.24944444444445,-17.284607600902348,1.0,0.0,0.0,3.1,68.0
-7.8,21.0,-9.047668871583232,6.24944444444445,-17.284607600902348,1.0,0.0,0.0,3.35,68.0
-7.8,21.0,-9.047891185423488,6.24944444444445,-17.284607600902348,1.0,0.0,0.0,3.6,68.0
-7.8,21.0,-8.95883200574233,6.24944444444445,-17.15309103607177,1.0,0.0,0.0,3.6,70.25
-7.8,21.0,-8.8699694615231,6.24944444444445,-17.021776856466886,1.0,0.0,0.0,3.6,72.5
-7.8,21.0,-8.781309296838186,6.24944444444445,-16.890664336877478,1.0,0.0,0.0,3.6,74.75
-7.8,21.0,-8.692847456888027,6.24944444444445,-16.759752756168382,1.0,0.0,0.0,3.6,77.0
-7.8,21.0,-8.722477150797149,6.24944444444445,-16.82518347407546,1.0,0.0,0.0,3.225,76.25
-7.8,21.0,-8.752138591960284,6.24944444444445,-16.890664336877478,1.0,0.0,0.0,2.85,75.5
-7.8,21.0,-8.781833744753827,6.24944444444445,-16.956195434336337,1.0,0.0,0.0,2.475,74.75
-7.8,21.0,-8.811562702927116,6.24944444444445,-17.021776856466886,1.0,0.0,0.0,2.1,74.0
-7.8,21.0,-8.781833744753827,6.24944444444445,-16.956195434336337,0.868852459016393,25.5,1.5,2.1,74.75
-7.8,20.5,-8.752138591960284,6.24944444444445,-16.890664336877478,0.868852459016393,34.0,2.0,2.1,75.5
-7.8,20.5,-8.722477150797149,6.24944444444445,-16.82518347407546,0.868852459016393,52.25,2.25,2.1,76.25
-7.8,20.5,-8.692847456888027,6.24944444444445,-16.759752756168382,0.868852459016393,70.5,2.5,2.1,77.0
-7.8,20.5,-8.624328612933237,6.24944444444445,-16.694372093645995,0.409836065573771,88.75,2.75,2.1,78.75
-7.8,20.5,-8.55590543623731,6.24944444444445,-16.62904139724884,0.409836065573771,107.0,3.0,2.1,80.5
-7.8,20.5,-8.487578266963087,6.24944444444445,-16.5637605779674,0.409836065573771,128.75,3.0,2.1,82.25
-7.8,20.5,-8.419347186802279,6.24944444444445,-16.498529547041073,0.409836065573771,150.5,3.0,2.1,84.0
-7.524999999999999,20.5,-8.184660632803492,6.24944444444445,-16.17311812841899,0.245901639344262,172.25,3.0,2.1,83.25
-7.25,20.5,-7.951111763722962,6.24944444444445,-15.848938246060072,0.245901639344262,194.0,3.0,2.1,82.5
-6.9750000000000005,20.5,-7.718714424663679,6.24944444444445,-15.525979079308629,0.245901639344262,193.25,29.25,2.1,81.75
-6.7,20.5,-7.487486000527964,6.24944444444445,-15.204229956164454,0.245901639344262,192.5,55.5,2.1,81.0
-6.425000000000001,20.5,-7.3321345941584015,6.24944444444445,-15.461532790110311,0.245901639344262,191.75,81.75,2.475,78.5
-6.15,20.5,-7.180777325376097,6.24944444444445,-15.719608694418412,0.245901639344262,191.0,108.0,2.85,76.0
-5.874999999999999,20.5,-7.03350615175887,6.24944444444445,-15.97846311053405,0.245901639344262,222.25,83.5,3.225,73.5
-5.6,20.5,-6.8904149412654325,6.24944444444445,-16.238101540333275,0.245901639344262,253.5,59.0,3.6,71.0
-5.299999999999999,20.5,-6.671086085038889,6.24944444444445,-15.461532790110311,0.245901639344262,284.75,34.5,4.0,69.75
-5.0,20.0,-6.454152621133424,6.24944444444445,-14.691922030337082,0.245901639344262,316.0,10.0,4.4,68.5
-4.7,20.0,-6.239657649194248,6.24944444444445,-13.929125509223809,0.245901639344262,311.5,10.0,4.800000000000001,67.25
-4.4,20.0,-6.027648186704955,6.24944444444445,-13.173004087586833,0.245901639344262,307.0,10.0,5.2,66.0
-4.550000000000001,20.0,-6.176260727229516,6.24944444444445,-13.36141609386152,0.245901639344262,302.5,10.0,5.325,65.75
-4.7,20.0,-6.324716235720776,6.24944444444445,-13.550238932520584,0.245901639344262,298.0,10.0,5.45,65.5
-4.85,20.0,-6.473022876174609,6.24944444444445,-13.739474699907362,0.245901639344262,305.0,9.75,5.575,65.25
-5.0,20.0,-6.621180070793651,6.24944444444445,-13.929125509223809,0.245901639344262,312.0,9.5,5.7,65.0
-4.85,20.0,-6.473296286829056,6.24944444444445,-13.739474699907362,0.245901639344262,319.0,9.25,5.825,65.25
-4.7,20.0,-6.3252599736409465,6.24944444444445,-13.550238932520584,0.245901639344262,326.0,9.0,5.95,65.5
-4.550000000000001,20.0,-6.1770721145833285,6.24944444444445,-13.36141609386152,0.245901639344262,301.0,8.25,6.075,65.75
-4.4,20.0,-6.028726858515626,6.24944444444445,-13.173004087586833,0.245901639344262,276.0,7.5,6.2,66.0
-4.7,20.0,-6.24068563877978,6.24944444444445,-13.487252209199369,0.245901639344262,251.0,6.75,5.800000000000001,67.25
-5.0,20.0,-6.455128210237278,6.24944444444445,-13.80264541573132,0.245901639344262,226.0,6.0,5.4,68.5
-5.299999999999999,20.0,-6.672010800914272,6.24944444444445,-14.119193490716157,0.245901639344262,209.0,13.5,5.0,69.75
-5.6,20.0,-6.891290489488148,6.24944444444445,-14.436906349687431,0.245901639344262,192.0,21.0,4.6,71.0
-5.725,20.0,-7.040650476182115,6.24944444444445,-15.075866756427333,0.245901639344262,175.0,28.5,4.6,70.25
-5.85,20.0,-7.189565988960198,6.24944444444445,-15.719608694418412,0.245901639344262,158.0,36.0,4.6,69.5
-5.975,20.0,-7.3380401748326305,6.24944444444445,-16.36821649645009,0.245901639344262,134.0,132.5,4.6,68.75
-6.1,20.0,-7.486071065889186,6.24944444444445,-17.021776856466886,0.245901639344262,110.0,229.0,4.6,68.0
-6.374999999999999,20.0,-7.705956218507054,6.24944444444445,-18.41077387475775,0.295081967213115,86.0,325.5,4.475,68.75
-6.65,20.0,-7.927161463216638,6.24944444444445,-19.82287095675724,0.295081967213115,62.0,422.0,4.35,69.5
-6.925000000000001,20.0,-8.149670824192315,6.24944444444445,-21.25898487935862,0.295081967213115,49.75,337.75,4.225,70.25
-7.2,20.0,-8.37346255556928,6.24944444444445,-22.72009092481335,0.295081967213115,37.5,253.5,4.1,71.0
-7.35,20.0,-8.604206812527403,6.24944444444445,-23.14228389957566,0.540983606557377,25.25,169.25,4.1,68.75
-7.5,20.5,-8.833452169408677,6.24944444444445,-23.56662667270851,0.540983606557377,0.0,0.0,4.1,66.5
-7.649999999999999,20.5,-9.06119401173257,6.24944444444445,-23.993144961310406,0.540983606557377,0.0,0.0,4.1,64.25
-7.8,20.5,-9.287438707747771,6.24944444444445,-24.42186496924782,0.540983606557377,0.0,0.0,4.1,62.0
-8.075,20.5,-9.487943773593331,6.24944444444445,-24.924856693794965,0.885245901639344,0.0,0.0,3.975,63.25
-8.35,20.5,-9.690503700374263,6.24944444444445,-25.430924857509662,0.885245901639344,0.0,0.0,3.85,64.5
-8.625,20.5,-9.895082237766127,6.24944444444445,-25.94011372655484,0.885245901639344,0.0,0.0,3.725,65.75
-8.9,20.5,-10.10163533600689,6.24944444444445,-26.452468576296862,0.885245901639344,0.0,0.0,3.6,67.0
-8.9,20.5,-9.972502628183111,6.24944444444445,-24.278712026520395,0.885245901639344,0.0,0.0,3.85,70.5
-8.9,21.0,-9.843769710175682,6.24944444444445,-22.1604675269752,0.885245901639344,0.0,0.0,4.1,74.0
-8.9,21.0,-9.715438390736832,6.24944444444445,-20.094535829037227,0.885245901639344,0.0,0.0,4.35,77.5
-8.9,21.0,-9.5875068490416,6.24944444444445,-18.077998212879976,0.885245901639344,0.0,0.0,4.6,81.0
-8.9,21.0,-9.65142106715006,6.24944444444445,-19.687365623982856,0.885245901639344,0.0,0.0,4.75,79.25
-8.9,21.0,-9.715438390736832,6.24944444444445,-21.32798667055198,0.885245901639344,0.0,0.0,4.9,77.5
-8.9,21.0,-9.779553336501548,6.24944444444445,-23.00131529769797,0.885245901639344,0.0,0.0,5.050000000000001,75.75
-8.9,21.0,-9.843769710175682,6.24944444444445,-24.708914651145108,0.885245901639344,0.0,0.0,5.2,74.0
-9.175,21.0,-10.075030816174715,6.24944444444445,-25.286017468759184,1.0,0.0,0.0,4.925000000000001,74.75
-9.45,21.0,-10.30746268519982,6.24944444444445,-25.86717969110225,1.0,0.0,0.0,4.65,75.5
-9.725,21.0,-10.541048621525029,6.24944444444445,-26.452468576296862,1.0,0.0,0.0,4.375,76.25
-10.0,21.0,-10.775767890804916,6.24944444444445,-27.04195315036381,1.0,0.0,0.0,4.1,77.0
-10.0,21.0,-10.835532299736649,6.24944444444445,-27.412543038812004,1.0,0.0,0.0,3.975,75.25
-10.0,21.0,-10.895398930990538,6.24944444444445,-27.78481718281313,1.0,0.0,0.0,3.85,73.5
-10.0,21.0,-10.955371669386212,6.24944444444445,-28.15879355205732,1.0,0.0,0.0,3.725,71.75
-10.0,21.0,-11.015450828172574,6.24944444444445,-28.53449041936236,1.0,0.0,0.0,3.6,70.0
-10.15,21.0,-11.12997978064211,6.24944444444445,-27.934202447068373,1.0,0.0,0.0,3.475,70.75
-10.3,21.0,-11.24510464783764,6.24944444444445,-27.338290890450622,1.0,0.0,0.0,3.35,71.5
-10.45,21.0,-11.360814192591985,6.24944444444445,-26.746682017306853,1.0,0.0,0.0,3.225,72.25
-10.6,21.0,-11.477099133845542,6.24944444444445,-26.159304028887615,1.0,0.0,0.0,3.1,73.0
-10.45,21.0,-11.30281184211601,6.24388888888889,-24.42186496924782,1.0,0.0,0.0,3.35,74.0
-10.3,21.0,-11.127926886188098,6.24388888888889,-22.72009092481335,1.0,0.0,0.0,3.6,75.0
-10.15,21.0,-10.952437766657608,6.24388888888889,-21.052319029241545,1.0,0.0,0.0,3.85,76.0
-10.0,21.0,-10.77634990127047,6.24388888888889,-19.417005096340205,1.0,0.0,0.0,4.1,77.0
-10.0,21.0,-10.77634990127047,6.24388888888889,-19.417005096340205,1.0,0.0,0.0,3.975,77.0
-10.0,21.0,-10.77634990127047,6.24388888888889,-19.417005096340205,1.0,0.0,0.0,3.85,77.0
-10.0,21.0,-10.77634990127047,6.24388888888889,-19.417005096340205,1.0,0.0,0.0,3.725,77.0
-10.0,21.0,-10.77634990127047,6.24388888888889,-19.417005096340205,1.0,0.0,0.0,3.6,77.0
-10.0,21.0,-10.71677911101445,6.24388888888889,-19.82287095675724,1.0,0.0,0.0,3.725,78.75
-10.0,21.0,-10.657292326776728,6.24388888888889,-20.23069701051457,1.0,0.0,0.0,3.85,80.5
-10.0,21.0,-10.597886196091752,6.24388888888889,-20.64050549069495,1.0,0.0,0.0,3.975,82.25
-10.0,21.0,-10.53856420553982,6.24388888888889,-21.052319029241545,1.0,0.0,0.0,4.1,84.0
-10.0,21.0,-10.53856420553982,6.24388888888889,-21.32798667055198,1.0,0.0,0.0,3.975,84.0
-10.0,21.0,-10.53856420553982,6.24388888888889,-21.60456261041133,1.0,0.0,0.0,3.85,84.0
-10.0,21.0,-10.53856420553982,6.24388888888889,-21.882053862746943,1.0,0.0,0.0,3.725,84.0
-10.0,21.0,-10.53856420553982,6.24388888888889,-22.1604675269752,1.0,0.0,0.0,3.6,84.0
-9.85,21.0,-10.393869157910943,6.24388888888889,-22.02114494628276,1.0,0.0,0.0,3.6,84.0
-9.7,21.0,-10.249205256320536,6.24388888888889,-21.882053862746943,1.0,0.0,0.0,3.6,84.0
-9.55,21.0,-10.104569984600374,6.24388888888889,-21.743193380826312,1.0,0.0,0.0,3.6,84.0
-9.4,21.0,-9.95996680265561,6.24388888888889,-21.60456261041133,1.0,0.0,0.0,3.6,84.0
-9.4,21.0,-9.95996680265561,6.24388888888889,-21.812594852343352,1.0,0.0,0.0,3.475,84.0
-9.4,21.0,-9.95996680265561,6.24388888888889,-22.02114494628276,1.0,0.0,0.0,3.35,84.0
-9.4,21.0,-9.95996680265561,6.24388888888889,-22.23021591010837,1.0,0.0,0.0,3.225,84.0
-9.4,21.0,-9.95996680265561,6.24388888888889,-22.43981078942861,1.0,0.0,0.0,3.1,84.0
-9.4,21.0,-9.95996680265561,6.24388888888889,-22.23021591010837,1.0,0.0,0.0,3.1,84.0
-9.4,21.0,-9.95996680265561,6.24388888888889,-22.02114494628276,1.0,0.0,0.0,3.1,84.0
-9.4,21.0,-9.95996680265561,6.24388888888889,-21.812594852343352,1.0,0.0,0.0,3.1,84.0
-9.4,21.0,-9.95996680265561,6.24388888888889,-21.60456261041133,1.0,0.0,0.0,3.1,84.0
-9.125,21.0,-9.72174600458918,6.24388888888889,-20.503681005645547,0.868852459016393,20.25,7.5,3.1,83.25
-8.850000000000001,20.5,-9.484588298430078,6.24388888888889,-19.417005096340205,0.868852459016393,27.0,10.0,3.1,82.5
-8.575000000000001,20.5,-9.24851407338842,6.24388888888889,-18.344114382954416,0.868852459016393,46.75,7.75,3.1,81.75
-8.3,20.5,-9.01354023593117,6.24388888888889,-17.284607600902348,0.868852459016393,66.5,5.5,3.1,81.0
-8.025,20.5,-8.72184855329221,6.24388888888889,-16.890664336877478,0.409836065573771,86.25,3.25,3.35,81.75
-7.75,20.5,-8.429299449701777,6.24388888888889,-16.498529547041073,0.409836065573771,106.0,1.0,3.6,82.5
-7.475,20.5,-8.135866681086293,6.24388888888889,-16.108183977470446,0.409836065573771,118.25,2.25,3.85,83.25
-7.2,20.5,-7.841545220906128,6.24388888888889,-15.719608694418412,0.409836065573771,130.5,3.5,4.1,84.0
-6.925000000000001,20.5,-7.608127840901175,6.24388888888889,-15.461532790110311,0.245901639344262,142.75,4.75,3.975,83.25
-6.65,20.5,-7.375862897371652,6.24388888888889,-15.204229956164454,0.245901639344262,155.0,6.0,3.85,82.5
-6.374999999999999,20.5,-7.144769216604818,6.24388888888889,-14.947694810664132,0.245901639344262,180.25,7.25,3.725,81.75
-6.1,20.5,-6.91486512053962,6.24388888888889,-14.691922030337082,0.245901639344262,205.5,8.5,3.6,81.0
-5.824999999999999,20.5,-6.763487026616904,6.24388888888889,-14.436906349687431,0.245901639344262,230.75,9.75,3.475,78.5
-5.55,20.5,-6.616199909012144,6.24388888888889,-14.182642560143847,0.245901639344262,256.0,11.0,3.35,76.0
-5.275,20.5,-6.473091511914193,6.24388888888889,-13.929125509223809,0.245901639344262,271.0,8.5,3.225,73.5
-5.0,20.5,-6.3342600808754135,6.24388888888889,-13.676350099713034,0.245901639344262,286.0,6.0,3.1,71.0
-4.575,20.5,-5.966069061283056,6.24388888888889,-13.173004087586833,0.245901639344262,301.0,3.5,3.35,70.5
-4.15,20.0,-5.599475290651011,6.24388888888889,-12.672564821184324,0.245901639344262,316.0,1.0,3.6,70.0
-3.725,20.0,-5.234493605708988,6.24388888888889,-12.17499343219106,0.245901639344262,303.0,1.0,3.85,69.5
-3.3,20.0,-4.871135406770908,6.24388888888889,-11.68025186283478,0.245901639344262,290.0,1.0,4.1,69.0
-3.3,20.0,-4.871135406770908,6.24388888888889,-11.68025186283478,0.245901639344262,277.0,1.0,3.975,69.0
-3.3,20.0,-4.871135406770908,6.24388888888889,-11.68025186283478,0.245901639344262,264.0,1.0,3.85,69.0
-3.3,20.0,-4.871135406770908,6.24388888888889,-11.68025186283478,0.245901639344262,277.0,1.75,3.725,69.0
-3.3,20.0,-4.871135406770908,6.24388888888889,-11.68025186283478,0.245901639344262,290.0,2.5,3.6,69.0
-3.175,20.0,-4.796129073878456,6.24388888888889,-11.55700424523485,0.245901639344262,303.0,3.25,3.35,68.25
-3.05,20.0,-4.721762263729143,6.24388888888889,-11.43393058345316,0.245901639344262,316.0,4.0,3.1,67.5
-2.925,20.0,-4.648034708522832,6.24388888888889,-11.311030305669078,0.245901639344262,295.75,3.75,2.85,66.75
-2.8,20.0,-4.5749524757647455,6.24388888888889,-11.18830284301032,0.245901639344262,275.5,3.5,2.6,66.0
-2.6499999999999995,20.0,-4.398519982038322,6.24388888888889,-11.004534440173131,0.245901639344262,255.25,3.25,1.95,66.75
-2.5,20.0,-4.22151311535111,6.24388888888889,-10.821151700852056,0.245901639344262,235.0,3.0,1.3,67.5
-2.35,20.0,-4.043929989922376,6.24388888888889,-10.638152741788817,0.245901639344262,221.0,2.75,0.65,68.25
-2.2,20.0,-3.86577230258698,6.24388888888889,-10.455535694136302,0.245901639344262,207.0,2.5,0.0,69.0
-2.2,20.0,-3.948658808635152,6.24388888888889,-10.51636572352504,0.245901639344262,193.0,2.25,0.0,67.5
-2.2,20.0,-4.031760589033668,6.24388888888889,-10.577238049846642,0.245901639344262,179.0,2.0,0.0,66.0
-2.2,20.0,-4.115078210240657,6.24388888888889,-10.638152741788817,0.245901639344262,158.75,1.75,0.0,64.5
-2.2,20.0,-4.198611863298138,6.24388888888889,-10.699109868214803,0.245901639344262,138.5,1.5,0.0,63.0
-2.475,20.0,-4.402955290552161,6.24388888888889,-11.004534440173131,0.295081967213115,118.25,1.25,1.025,63.75
-2.75,20.0,-4.6088221945156,6.24388888888889,-11.311030305669078,0.295081967213115,98.0,1.0,2.05,64.5
-3.0249999999999995,20.0,-4.816194182825664,6.24388888888889,-11.618606273702994,0.295081967213115,77.75,0.75,3.075,65.25
-3.3,20.0,-5.025055469496816,6.24388888888889,-11.927271267638332,0.295081967213115,57.5,0.5,4.1,66.0
-3.575,20.0,-5.158657679494175,6.24388888888889,-12.112996752068568,0.540983606557377,37.25,0.25,3.85,68.25
-3.85,20.5,-5.296485816693224,6.24388888888889,-12.299119510850744,0.540983606557377,0.0,0.0,3.6,70.5
-4.125,20.5,-5.438457636936175,6.24388888888889,-12.485641532491798,0.540983606557377,0.0,0.0,3.35,72.75
-4.4,20.5,-5.58447183240452,6.24388888888889,-12.672564821184324,0.540983606557377,0.0,0.0,3.1,75.0
-4.7,20.5,-5.876436028053348,6.24388888888889,-13.80264541573132,0.885245901639344,0.0,0.0,3.35,74.75
-5.0,20.5,-6.168144498963676,6.24388888888889,-14.947694810664132,0.885245901639344,0.0,0.0,3.6,74.5
-5.299999999999999,20.5,-6.459606953646484,6.24388888888889,-16.108183977470446,0.885245901639344,0.0,0.0,3.85,74.25
-5.6,20.5,-6.750832112243745,6.24388888888889,-17.284607600902348,0.885245901639344,0.0,0.0,4.1,74.0
-5.6,20.5,-6.7058701915521794,6.24388888888889,-17.548250807647207,0.885245901639344,0.0,0.0,3.85,75.0
-5.6,21.0,-6.660964621400315,6.24388888888889,-17.812712361092508,0.885245901639344,0.0,0.0,3.6,76.0
-5.6,21.0,-6.616115395353762,6.24388888888889,-18.077998212879976,0.885245901639344,0.0,0.0,3.35,77.0
-5.6,21.0,-6.5713224765191445,6.24388888888889,-18.344114382954416,0.885245901639344,0.0,0.0,3.1,78.0
-5.6,21.0,-6.493070875553954,6.24388888888889,-18.677936514032893,0.885245901639344,0.0,0.0,3.225,79.75
-5.6,21.0,-6.414988331442406,6.24388888888889,-19.013077585516584,0.885245901639344,0.0,0.0,3.35,81.5
-5.6,21.0,-6.33707790893675,6.24388888888889,-19.34954982123267,0.885245901639344,0.0,0.0,3.475,83.25
-5.6,21.0,-6.259339588582828,6.24388888888889,-19.687365623982856,0.885245901639344,0.0,0.0,3.6,85.0
-5.6,21.0,-6.259339588582828,6.24388888888889,-19.82287095675724,1.0,0.0,0.0,3.725,85.0
-5.6,21.0,-6.259339588582828,6.24388888888889,-19.95859408558755,1.0,0.0,0.0,3.85,85.0
-5.6,21.0,-6.259339588582828,6.24388888888889,-20.094535829037227,1.0,0.0,0.0,3.975,85.0
-5.6,21.0,-6.259339588582828,6.24388888888889,-20.23069701051457,1.0,0.0,0.0,4.1,85.0
-5.299999999999999,21.0,-6.050022506061636,6.24388888888889,-19.080265145231262,1.0,0.0,0.0,4.1,83.25
-5.0,21.0,-5.843785791974876,6.24388888888889,-17.94525187506025,1.0,0.0,0.0,4.1,81.5
-4.7,21.0,-5.640688898950075,6.24388888888889,-16.82518347407546,1.0,0.0,0.0,4.1,79.75
-4.4,21.0,-5.4407930133540985,6.24388888888889,-15.719608694418412,1.0,0.0,0.0,4.1,78.0
-4.275,21.0,-5.323082284600154,6.24388888888889,-14.755794042619982,1.0,0.0,0.0,4.375,78.0
-4.15,21.0,-5.205396381375897,6.24388888888889,-13.80264541573132,1.0,0.0,0.0,4.65,78.0
-4.025,21.0,-5.087731966755294,6.24388888888889,-12.859891396975796,1.0,0.0,0.0,4.925000000000001,78.0
-3.9,21.0,-4.970090365475463,6.24388888888889,-11.927271267638332,1.0,0.0,0.0,5.2,78.0
-3.75,21.0,-4.829121958822044,6.24,-11.80367401104263,1.0,0.0,0.0,4.925000000000001,78.0
-3.6,21.0,-4.688183851532089,6.24,-11.68025186283478,1.0,0.0,0.0,4.65,78.0
-3.45,21.0,-4.547275108525902,6.24,-11.55700424523485,1.0,0.0,0.0,4.375,78.0
-3.3,21.0,-4.40640067660979,6.24,-11.43393058345316,1.0,0.0,0.0,4.1,78.0
-3.3,21.0,-4.483236573202966,6.24,-11.495445705674854,1.0,0.0,0.0,4.1,76.5
-3.3,21.0,-4.560254654668029,6.24,-11.55700424523485,1.0,0.0,0.0,4.1,75.0
-3.3,21.0,-4.637452235632413,6.24,-11.618606273702994,1.0,0.0,0.0,4.1,73.5
-3.3,21.0,-4.714829335015961,6.24,-11.68025186283478,1.0,0.0,0.0,4.1,72.0
-3.0249999999999995,21.0,-4.500683385321174,6.24,-12.734962103221733,1.0,0.0,0.0,4.375,71.25
-2.75,21.0,-4.287952864650732,6.24,-13.80264541573132,1.0,0.0,0.0,4.65,70.5
-2.475,21.0,-4.076652357764042,6.24,-14.88368035051161,1.0,0.0,0.0,4.925000000000001,69.75
-2.2,21.0,-3.866805066474068,6.24,-15.97846311053405,1.0,0.0,0.0,5.2,69.0
-2.075,21.0,-3.836339080090711,6.24,-14.436906349687431,1.0,0.0,0.0,5.325,67.5
-1.95,21.0,-3.8072755052967313,6.24,-12.922423559710635,1.0,0.0,0.0,5.45,66.0
-1.825,21.0,-3.779634620755486,6.24,-11.43393058345316,1.0,0.0,0.0,5.575,64.5
-1.7,21.0,-3.753432123475224,6.24,-9.970409963495,1.0,0.0,0.0,5.7,63.0
-1.7,21.0,-3.710433014236918,6.24,-9.970409963495,1.0,0.0,0.0,5.425000000000001,63.75
-1.7,21.0,-3.667489377362776,6.24,-9.970409963495,1.0,0.0,0.0,5.15,64.5
-1.7,21.0,-3.624604203104252,6.24,-9.970409963495,1.0,0.0,0.0,4.875,65.25
-1.7,21.0,-3.5817774557229938,6.24,-9.970409963495,1.0,0.0,0.0,4.6,66.0
-1.5499999999999998,21.0,-3.475613999281416,6.24,-9.78917749753515,1.0,0.0,0.0,4.475,65.5
-1.4,21.0,-3.370006303542437,6.24,-9.608318407892057,1.0,0.0,0.0,4.35,65.0
-1.25,21.0,-3.264960096351845,6.24,-9.427830904605685,1.0,0.0,0.0,4.225,64.5
-1.1,21.0,-3.160477826298203,6.24,-9.247713211163784,1.0,0.0,0.0,4.1,64.0
-1.1,21.0,-3.130881800664273,6.24,-9.247713211163784,1.0,0.0,0.0,4.1,64.5
-1.1,21.0,-3.101315533403205,6.24,-9.247713211163784,1.0,0.0,0.0,4.1,65.0
-1.1,21.0,-3.071776149129156,6.24,-9.247713211163784,1.0,0.0,0.0,4.1,65.5
-1.1,21.0,-3.042263468171997,6.24,-9.247713211163784,1.0,0.0,0.0,4.1,66.0
-0.675,21.0,-2.765822686186117,6.24,-9.30771146144042,0.868852459016393,33.0,13.5,4.75,64.25
-0.25,20.5,-2.494973856242809,6.24,-9.36775067081993,0.868852459016393,44.0,18.0,5.4,62.5
0.1749999999999999,20.5,-2.236051838915752,6.24,-9.427830904605685,0.868852459016393,53.75,13.75,6.050000000000001,60.75
0.6,20.5,-1.992662048545766,6.24,-9.48795222826459,0.868852459016393,63.5,9.5,6.7,59.0
1.15,20.5,-1.6512498982611246,6.24,-8.888580214180081,0.409836065573771,73.25,5.25,6.7,57.25
1.7,20.5,-1.3177179097892182,6.24,-8.293258983490432,0.409836065573771,83.0,1.0,6.7,55.5
2.25,20.5,-0.9922112843449188,6.24,-7.701925227116078,0.409836065573771,102.25,1.25,6.7,53.75
2.8,20.5,-0.6748890551395805,6.24,-7.114517177073878,0.409836065573771,121.5,1.5,6.7,52.0
3.075,20.5,-0.4361975634954522,6.24,-6.298626600705461,0.245901639344262,140.75,1.75,6.45,52.25
3.35,20.5,0.031200253522247,6.24,-5.490151805736218,0.245901639344262,160.0,2.0,6.2,52.5
3.625,20.5,0.2843332614833408,6.24,-4.688937398378812,0.245901639344262,182.0,3.75,5.95,52.75
3.9,20.5,0.5377445442707319,6.24,-3.894833041252866,0.245901639344262,204.0,5.5,5.7,53.0
4.324999999999999,20.5,0.8231031369954365,6.24,-3.444195202039112,0.245901639344262,226.0,7.25,5.7,52.0
4.75,20.5,1.1047789400592565,6.24,-2.995804951260141,0.245901639344262,248.0,9.0,5.7,51.0
5.174999999999999,20.5,1.382704208957796,6.24,-2.549636304907949,0.245901639344262,272.75,9.25,5.7,50.0
5.6,20.5,1.656821855964355,6.24,-2.105663747930976,0.245901639344262,297.5,9.5,5.7,49.0
5.874999999999999,20.5,1.8435729989184977,6.24,-1.8292849487617104,0.245901639344262,322.25,9.75,6.075,48.5
6.15,20.0,2.029006598325936,6.24,-1.5537481714218302,0.245901639344262,347.0,10.0,6.45,48.0
6.425000000000001,20.0,2.213105363993253,6.24,-1.2790474543652977,0.245901639344262,313.25,125.0,6.825,47.5
6.7,20.0,2.39585524390738,6.24,-1.0051769021057453,0.245901639344262,279.5,240.0,7.2,47.0
6.7,20.0,2.3524435185086867,6.24,-2.2718977029951475,0.245901639344262,245.75,355.0,7.325,46.5
6.7,20.0,2.3089740910109198,6.24,-3.556642924954815,0.245901639344262,212.0,470.0,7.45,46.0
6.7,20.0,2.265449489931732,6.24,-4.860022602159063,0.245901639344262,204.0,525.25,7.575,45.5
6.7,20.0,2.221869575545325,6.24,-6.1826798545142765,0.245901639344262,196.0,580.5,7.7,45.0
6.7,20.0,2.3089740910109198,6.24,-6.705635000260486,0.245901639344262,188.0,635.75,7.575,46.0
6.7,20.0,2.39585524390738,6.24,-7.23168764496387,0.245901639344262,180.0,691.0,7.45,47.0
6.7,20.0,2.4825162716740268,6.24,-7.760880938641264,0.245901639344262,174.0,645.0,7.325,48.0
6.7,20.0,2.5689528448901924,6.24,-8.293258983490432,0.245901639344262,168.0,599.0,7.2,49.0
7.1000000000000005,20.0,2.74746886179992,6.24,-7.114517177073878,0.245901639344262,162.0,553.0,6.95,47.25
7.5,20.0,2.9193975483330714,6.24,-5.951238527387829,0.245901639344262,156.0,507.0,6.7,45.5
7.9,20.0,3.084576592975489,6.24,-4.802957837175882,0.245901639344262,160.25,381.0,6.45,43.75
8.3,20.0,3.242838462405907,6.24,-3.6692315304515546,0.245901639344262,164.5,255.0,6.2,42.0
8.025,20.0,3.139141110427407,6.24,-3.275786874719188,0.245901639344262,168.75,129.0,6.075,43.25
7.75,20.0,3.0320192847643805,6.24,-2.884055518863761,0.245901639344262,173.0,3.0,5.95,44.5
7.475,20.0,2.921521797759197,6.24,-2.4940201548757277,0.245901639344262,148.0,7.0,5.825,45.75
7.2,20.0,2.807714809712872,6.24,-2.105663747930976,0.245901639344262,123.0,11.0,5.7,47.0
7.075,20.0,2.748895798027412,6.24,-2.605286768250437,0.295081967213115,98.0,15.0,5.425000000000001,47.5
6.95,20.0,2.689495112667259,6.24,-3.1076932316436228,0.295081967213115,73.0,19.0,5.15,48.0
6.825,20.0,2.629512514461256,6.24,-3.612919591641173,0.295081967213115,59.75,14.5,4.875,48.5
6.7,20.0,2.5689528448901924,6.24,-4.121003057659834,0.295081967213115,46.5,10.0,4.6,49.0
6.7,20.0,2.5689528448901924,6.24,-3.275786874719188,0.540983606557377,33.25,5.5,4.6,49.0
6.7,20.5,2.5689528448901924,6.24,-2.4384382688275537,0.540983606557377,20.0,1.0,4.6,49.0
6.7,20.5,2.5689528448901924,6.24,-1.6087884522552829,0.540983606557377,0.0,0.0,4.6,49.0
6.7,20.5,2.5689528448901924,6.24,-0.7866742587479507,0.540983606557377,0.0,0.0,4.6,49.0
6.7,20.5,2.569542940791352,6.24,-0.7866742587479507,0.885245901639344,0.0,0.0,4.6,49.0
6.7,20.5,2.5701298076431827,6.24,-0.7866742587479507,0.885245901639344,0.0,0.0,4.6,49.0
6.7,20.5,2.570718421094892,6.24,-0.7866742587479507,0.885245901639344,0.0,0.0,4.6,49.0
6.7,20.5,2.571306271421589,6.24,-0.7866742587479507,0.885245901639344,0.0,0.0,4.6,49.0
6.825,20.5,2.7835694699611016,6.24,-0.5686962325619334,0.885245901639344,0.0,0.0,4.75,50.25
6.95,21.0,2.996642531682004,6.24,-0.3512398938859746,0.885245901639344,0.0,0.0,4.9,51.5
7.075,21.0,3.2105200022520486,6.24,-0.1343023386858135,0.885245901639344,0.0,0.0,5.050000000000001,52.75
7.2,21.0,3.425193481016622,6.24,0.0821193117503185,0.885245901639344,0.0,0.0,5.2,54.0
7.075,21.0,3.404877666834091,6.24,0.0280621087269992,0.885245901639344,0.0,0.0,5.325,55.0
6.95,21.0,3.383406372014573,6.24,-0.0260272043107647,0.885245901639344,0.0,0.0,5.45,56.0
6.825,21.0,3.360790466669898,6.24,-0.0801486719026911,0.885245901639344,0.0,0.0,5.575,57.0
6.7,21.0,3.337043251575216,6.24,-0.1343023386858135,0.885245901639344,0.0,0.0,5.7,58.0
6.7,21.0,3.29483191539959,6.24,-0.1884882493944815,1.0,0.0,0.0,5.050000000000001,57.5
6.7,21.0,3.252567430353309,6.24,-0.2427064488608721,1.0,0.0,0.0,4.4,57.0
6.7,21.0,3.2102471738840923,6.24,-0.2969569820152173,1.0,0.0,0.0,3.75,56.5
6.7,21.0,3.16787605735577,6.24,-0.3512398938859746,1.0,0.0,0.0,3.1,56.0
6.550000000000001,21.0,3.123242670138952,6.24,-0.4599030343844106,1.0,0.0,0.0,3.225,57.0
6.4,21.0,3.077262312725469,6.24,-0.5686962325619334,1.0,0.0,0.0,3.35,58.0
6.249999999999999,21.0,3.029951783464207,6.24,-0.6776198522165942,1.0,0.0,0.0,3.475,59.0
6.1,21.0,2.9813302567488287,6.24,-0.7866742587479507,1.0,0.0,0.0,3.6,60.0
6.1,21.0,3.1445332713294265,6.24,-0.6776198522165942,1.0,0.0,0.0,4.0,62.0
6.1,21.0,3.306937933221019,6.24,-0.5686962325619334,1.0,0.0,0.0,4.4,64.0
6.1,21.0,3.468558834274307,6.24,-0.4599030343844106,1.0,0.0,0.0,4.800000000000001,66.0
6.1,21.0,3.629388927552709,6.24,-0.3512398938859746,1.0,0.0,0.0,5.2,68.0
5.975,21.0,3.5166908026724624,6.23722222222222,-0.5142833535633144,1.0,0.0,0.0,4.800000000000001,68.0
5.85,21.0,3.403968303040306,6.23722222222222,-0.6776198522165942,1.0,0.0,0.0,4.4,68.0
5.725,21.0,3.2912333869703043,6.23722222222222,-0.8412506217201212,1.0,0.0,0.0,4.0,68.0
5.6,21.0,3.178478602310085,6.23722222222222,-1.0051769021057453,1.0,0.0,0.0,3.6,68.0
5.6,21.0,3.237330301421946,6.23722222222222,-0.9505018972183166,1.0,0.0,0.0,3.85,68.75
5.6,21.0,3.296079440292237,6.23722222222222,-0.8958598191670148,1.0,0.0,0.0,4.1,69.5
5.6,21.0,3.354721440447196,6.23722222222222,-0.8412506217201212,1.0,0.0,0.0,4.35,70.25
5.6,21.0,3.4132612889226417,6.23722222222222,-0.7866742587479507,1.0,0.0,0.0,4.6,71.0
5.6,21.0,3.5106025356307264,6.23722222222222,-1.224207118233778,1.0,0.0,0.0,4.875,72.25
5.6,21.0,3.607654412495314,6.23722222222222,-1.663862222767705,1.0,0.0,0.0,5.15,73.5
5.6,21.0,3.704422769242018,6.23722222222222,-2.105663747930976,1.0,0.0,0.0,5.425000000000001,74.75
5.6,21.0,3.800908758505388,6.23722222222222,-2.549636304907949,1.0,0.0,0.0,5.7,76.0
5.6,21.0,3.800908758505388,6.23722222222222,-2.0503203379511774,1.0,0.0,0.0,4.925000000000001,76.0
5.6,21.0,3.800908758505388,6.23722222222222,-1.5537481714218302,1.0,0.0,0.0,4.15,76.0
5.6,21.0,3.800908758505388,6.23722222222222,-1.0598848801631109,1.0,0.0,0.0,3.375,76.0
5.6,21.0,3.800908758505388,6.23722222222222,-0.5686962325619334,1.0,0.0,0.0,2.6,76.0
5.299999999999999,21.0,3.5226237965024736,6.23722222222222,-0.9505018972183166,1.0,0.0,0.0,2.975,76.0
5.0,21.0,3.24426768094592,6.23722222222222,-1.3339209968804653,1.0,0.0,0.0,3.35,76.0
4.7,21.0,2.965836101610269,6.23722222222222,-1.718969530544257,1.0,0.0,0.0,3.725,76.0
4.4,21.0,2.687325135363629,6.23722222222222,-2.105663747930976,1.0,0.0,0.0,4.1,76.0
4.125,21.0,2.4859631921676413,6.23722222222222,-2.382890597548794,1.0,0.0,0.0,4.625,76.75
3.85,21.0,2.28316559464508,6.23722222222222,-2.660971594340765,1.0,0.0,0.0,5.15,77.5
3.575,21.0,2.0789433066139704,6.23722222222222,-2.939912904192454,1.0,0.0,0.0,5.675000000000001,78.25
3.3,21.0,1.8733137530516517,6.23722222222222,-3.2197207632237905,1.0,0.0,0.0,6.2,79.0
3.3,21.0,1.8733137530516517,6.23722222222222,-3.2197207632237905,1.0,0.0,0.0,5.425000000000001,79.0
3.3,21.0,1.8733137530516517,6.23722222222222,-3.2197207632237905,1.0,0.0,0.0,4.65,79.0
3.3,21.0,1.8733137530516517,6.23722222222222,-3.2197207632237905,1.0,0.0,0.0,3.875,79.0
3.3,21.0,1.8733137530516517,6.23722222222222,-3.2197207632237905,1.0,0.0,0.0,3.1,79.0
3.175,21.0,1.704292878367916,6.23722222222222,-3.444195202039112,0.868852459016393,29.25,0.0,3.75,78.25
3.05,20.5,1.5357659321778196,6.23722222222222,-3.6692315304515546,0.868852459016393,39.0,0.0,4.4,77.5
2.925,20.5,1.367733879941401,6.23722222222222,-3.894833041252866,0.868852459016393,54.75,2.25,5.050000000000001,76.75
2.8,20.5,1.200194799501306,6.23722222222222,-4.121003057659834,0.868852459016393,70.5,4.5,5.7,76.0
2.8,20.5,1.200194799501306,6.23722222222222,-4.121003057659834,0.409836065573771,86.25,6.75,5.825,76.0
2.8,20.5,1.200194799501306,6.23722222222222,-4.121003057659834,0.409836065573771,102.0,9.0,5.95,76.0
2.8,20.5,1.200194799501306,6.23722222222222,-4.121003057659834,0.409836065573771,127.75,9.0,6.075,76.0
2.8,20.5,1.200194799501306,6.23722222222222,-4.121003057659834,0.409836065573771,153.5,9.0,6.2,76.0
2.8,20.5,1.200194799501306,6.23722222222222,-4.121003057659834,0.245901639344262,179.25,9.0,5.550000000000001,76.0
2.8,20.5,1.200194799501306,6.23722222222222,-4.121003057659834,0.245901639344262,205.0,9.0,4.9,76.0
2.8,20.5,1.200194799501306,6.23722222222222,-4.121003057659834,0.245901639344262,220.5,8.0,4.25,76.0
2.8,20.5,1.200194799501306,6.23722222222222,-4.121003057659834,0.245901639344262,236.0,7.0,3.6,76.0
2.6499999999999995,20.5,1.0605574586337654,6.23722222222222,-4.291005668255764,0.245901639344262,251.5,6.0,3.6,76.0
2.5,20.5,0.92089630475592,6.23722222222222,-4.461331375733721,0.245901639344262,267.0,5.0,3.6,76.0
2.35,20.5,0.7812091333786984,6.23722222222222,-4.631981616538496,0.245901639344262,263.75,5.0,3.6,76.0
2.2,20.5,0.6414995853174179,6.23722222222222,-4.802957837175882,0.245901639344262,260.5,5.0,3.6,76.0
2.2,20.5,0.6414995853174179,6.23722222222222,-4.802957837175882,0.245901639344262,257.25,5.0,3.6,76.0
2.2,20.0,0.6414995853174179,6.23722222222222,-4.802957837175882,0.245901639344262,254.0,5.0,3.6,76.0
2.2,20.0,0.6414995853174179,6.23722222222222,-4.802957837175882,0.245901639344262,257.5,4.5,3.6,76.0
2.2,20.0,0.6414995853174179,6.23722222222222,-4.802957837175882,0.245901639344262,261.0,4.0,3.6,76.0
2.35,20.0,0.6807795192487559,6.23722222222222,-4.688937398378812,0.245901639344262,264.5,3.5,4.0,74.5
2.5,20.0,0.7183762257018197,6.23722222222222,-4.575062054595946,0.245901639344262,268.0,3.0,4.4,73.0
2.6499999999999995,20.0,0.7542657617304558,6.23722222222222,-4.461331375733721,0.245901639344262,272.75,57.75,4.800000000000001,71.5
2.8,20.0,0.7884272271561922,6.23722222222222,-4.347744933698607,0.245901639344262,277.5,112.5,5.2,70.0
2.6499999999999995,20.0,0.6515759775255624,6.23722222222222,-4.974261494309303,0.245901639344262,282.25,167.25,5.45,70.0
2.5,20.0,0.5146909846390088,6.23722222222222,-5.605200122960184,0.245901639344262,287.0,222.0,5.7,70.0
2.35,20.0,0.3777748450955169,6.23722222222222,-6.240634339670748,0.245901639344262,256.5,269.75,5.95,70.0
2.2,20.0,0.2408255132490694,6.23722222222222,-6.880639603694988,0.245901639344262,226.0,317.5,6.2,70.0
2.475,20.0,0.3214363622035782,6.23722222222222,-7.878910373683141,0.245901639344262,195.5,365.25,6.2,67.5
2.75,20.0,0.3967630615887484,6.23722222222222,-8.888580214180081,0.245901639344262,165.0,413.0,6.2,65.0
3.0249999999999995,20.0,0.4666805097103205,6.23722222222222,-9.90995754420203,0.245901639344262,155.25,424.5,6.2,62.5
3.3,20.0,0.5310680250575074,6.23722222222222,-10.943364102196256,0.245901639344262,145.5,436.0,6.2,60.0
3.175,20.0,0.4032636394239434,6.23722222222222,-11.065747629531984,0.245901639344262,135.75,447.5,6.2,59.75
3.05,20.0,0.275629373026127,6.23722222222222,-11.18830284301032,0.245901639344262,126.0,459.0,6.2,59.5
2.925,20.0,0.1481597240443596,6.23722222222222,-11.311030305669078,0.245901639344262,111.25,422.75,6.2,59.25
2.8,20.0,0.0208544407550954,6.23722222222222,-11.43393058345316,0.245901639344262,96.5,386.5,6.2,59.0
2.6499999999999995,20.0,-0.328910799368893,6.23722222222222,-11.68025186283478,0.295081967213115,81.75,350.25,5.95,58.5
2.5,20.0,-0.4873913155825673,6.23722222222222,-11.927271267638332,0.295081967213115,67.0,314.0,5.7,58.0
2.35,20.0,-0.6455868851059232,6.23722222222222,-12.17499343219106,0.295081967213115,53.0,237.25,5.45,57.5
2.2,20.0,-0.80349363446407,6.23722222222222,-12.423423039347256,0.295081967213115,39.0,160.5,5.2,57.0
1.9250000000000005,20.0,-0.908062232680226,6.23722222222222,-11.43393058345316,0.540983606557377,25.0,83.75,5.050000000000001,58.75
1.65,20.5,-1.0164043414969808,6.23722222222222,-10.455535694136302,0.540983606557377,11.0,7.0,4.9,60.5
1.375,20.5,-1.12845441676058,6.23722222222222,-9.48795222826459,0.540983606557377,0.0,0.0,4.75,62.25
1.1,20.5,-1.2441559857712796,6.23722222222222,-8.530905468618926,0.540983606557377,0.0,0.0,4.6,64.0
0.975,20.5,-1.3500568445154308,6.23722222222222,-8.233947202588524,0.885245901639344,0.0,0.0,5.0,64.0
0.8500000000000001,20.5,-1.45604112334169,6.23722222222222,-7.937984219818816,0.885245901639344,0.0,0.0,5.4,64.0
0.725,20.5,-1.5621123681782645,6.23722222222222,-7.643008771424832,0.885245901639344,0.0,0.0,5.800000000000001,64.0
0.6,20.5,-1.668268623305221,6.23722222222222,-7.349013202905894,0.885245901639344,0.0,0.0,6.2,64.0
0.2999999999999999,20.5,-1.891257260371366,6.23722222222222,-7.643008771424832,0.885245901639344,0.0,0.0,5.800000000000001,64.5
0.0,21.0,-2.11602211068677,6.23722222222222,-7.937984219818816,0.885245901639344,0.0,0.0,5.4,65.0
-0.2999999999999999,21.0,-2.353537900254693,6.23722222222222,-8.233947202588524,0.885245901639344,0.0,0.0,5.0,65.5
-0.6,21.0,-2.592232242080104,6.23722222222222,-8.530905468618926,0.885245901639344,0.0,0.0,4.6,66.0
-0.725,21.0,-2.704697665149826,6.23722222222222,-8.709561423624223,0.885245901639344,0.0,0.0,4.875,66.0
-0.8500000000000001,21.0,-2.8171918846953727,6.23722222222222,-8.888580214180081,0.885245901639344,0.0,0.0,5.15,66.0
-0.975,21.0,-2.9297119105689906,6.23722222222222,-9.06796356436439,0.885245901639344,0.0,0.0,5.425000000000001,66.0
-1.1,21.0,-3.042263468171997,6.23722222222222,-9.247713211163784,0.885245901639344,0.0,0.0,5.7,66.0
-1.25,21.0,-3.1776587508125407,6.23722222222222,-9.427830904605685,1.0,0.0,0.0,5.95,66.0
-1.4,21.0,-3.3130916247009816,6.23722222222222,-9.608318407892057,1.0,0.0,0.0,6.2,66.0
-1.5499999999999998,21.0,-3.4485701353823948,6.23722222222222,-9.78917749753515,1.0,0.0,0.0,6.45,66.0
-1.7,21.0,-3.584090098238612,6.23722222222222,-9.970409963495,1.0,0.0,0.0,6.7,66.0
-1.825,21.0,-3.6962402617851686,6.23722222222222,-10.0914399288323,1.0,0.0,0.0,5.925000000000001,66.0
-1.95,21.0,-3.808424452884173,6.23722222222222,-10.212637178261105,1.0,0.0,0.0,5.15,66.0
-2.075,21.0,-3.920644889117236,6.23722222222222,-10.334002252279843,1.0,0.0,0.0,4.375,66.0
-2.2,21.0,-4.0329022022291285,6.23722222222222,-10.455535694136302,1.0,0.0,0.0,3.6,66.0
-2.2,21.0,-4.1441134710223375,6.23722222222222,-10.577238049846642,1.0,0.0,0.0,3.6,64.0
-2.2,21.0,-4.255707268720244,6.23722222222222,-10.699109868214803,1.0,0.0,0.0,3.6,62.0
-2.2,21.0,-4.36768777431152,6.23722222222222,-10.821151700852056,1.0,0.0,0.0,3.6,60.0
-2.2,21.0,-4.48005137193843,6.23722222222222,-10.943364102196256,1.0,0.0,0.0,3.6,58.0
-2.35,21.0,-4.612085544924107,6.23611111111111,-11.127003740381326,1.0,0.0,0.0,3.725,58.0
-2.5,21.0,-4.744183760116509,6.23611111111111,-11.311030305669078,1.0,0.0,0.0,3.85,58.0
-2.6499999999999995,21.0,-4.876342911445586,6.23611111111111,-11.495445705674854,1.0,0.0,0.0,3.975,58.0
-2.8,21.0,-5.0085665903866365,6.23611111111111,-11.68025186283478,1.0,0.0,0.0,4.1,58.0
-2.925,21.0,-5.159049283629816,6.23611111111111,-11.865450714563394,1.0,0.0,0.0,4.225,57.25
-3.05,21.0,-5.30903995328953,6.23611111111111,-12.051044213413093,1.0,0.0,0.0,4.35,56.5
-3.175,21.0,-5.458540669212102,6.23611111111111,-12.237034327235849,1.0,0.0,0.0,4.475,55.75
-3.3,21.0,-5.607552183813555,6.23611111111111,-12.423423039347256,1.0,0.0,0.0,4.6,55.0
-3.3,21.0,-5.607552183813555,6.23611111111111,-12.423423039347256,1.0,0.0,0.0,4.475,55.0
-3.3,21.0,-5.607552183813555,6.23611111111111,-12.423423039347256,1.0,0.0,0.0,4.35,55.0
-3.3,21.0,-5.607552183813555,6.23611111111111,-12.423423039347256,1.0,0.0,0.0,4.225,55.0
-3.3,21.0,-5.607552183813555,6.23611111111111,-12.423423039347256,1.0,0.0,0.0,4.1,55.0
-3.45,21.0,-5.6988644381691,6.23611111111111,-12.54790461073378,1.0,0.0,0.0,4.225,55.75
-3.6,21.0,-5.790995505489806,6.23611111111111,-12.672564821184324,1.0,0.0,0.0,4.35,56.5
-3.75,21.0,-5.883938342021194,6.23611111111111,-12.79740427001576,1.0,0.0,0.0,4.475,57.25
-3.9,21.0,-5.97768216110203,6.23611111111111,-12.922423559710635,1.0,0.0,0.0,4.6,58.0
-4.025,21.0,-6.062734899665063,6.23611111111111,-13.047623295940127,1.0,0.0,0.0,4.6,58.5
-4.15,21.0,-6.148231732468568,6.23611111111111,-13.173004087586833,1.0,0.0,0.0,4.6,59.0
-4.275,21.0,-6.234169867076837,6.23611111111111,-13.298566546768257,1.0,0.0,0.0,4.6,59.5
-4.4,21.0,-6.320544750829636,6.23611111111111,-13.424311288860224,1.0,0.0,0.0,4.6,60.0
-4.4,21.0,-6.283526883252353,6.23611111111111,-13.424311288860224,1.0,0.0,0.0,4.475,60.75
-4.4,21.0,-6.246548723406363,6.23611111111111,-13.424311288860224,1.0,0.0,0.0,4.35,61.5
-4.4,21.0,-6.209610188097666,6.23611111111111,-13.424311288860224,1.0,0.0,0.0,4.225,62.25
-4.4,21.0,-6.172709669343755,6.23611111111111,-13.424311288860224,1.0,0.0,0.0,4.1,63.0
-4.4,21.0,-6.33289208342436,6.23611111111111,-13.550238932520584,1.0,0.0,0.0,4.5,59.75
-4.4,21.0,-6.493806745759693,6.23611111111111,-13.676350099713034,1.0,0.0,0.0,4.9,56.5
-4.4,21.0,-6.655453433531123,6.23611111111111,-13.80264541573132,1.0,0.0,0.0,5.300000000000001,53.25
-4.4,21.0,-6.8178357982579385,6.23611111111111,-13.929125509223809,1.0,0.0,0.0,5.7,50.0
-4.550000000000001,21.0,-6.946504856466661,6.23611111111111,-14.119193490716157,0.868852459016393,18.75,21.0,5.575,50.0
-4.7,21.0,-7.075270156129968,6.23611111111111,-14.309680791862434,0.868852459016393,25.0,28.0,5.45,50.0
-4.85,21.0,-7.204136303077697,6.23611111111111,-14.500589577563744,0.868852459016393,43.25,22.75,5.325,50.0
-5.0,21.0,-7.333102523934511,6.23611111111111,-14.691922030337082,0.868852459016393,61.5,17.5,5.2,50.0
-5.0,21.0,-7.308998331305913,6.23611111111111,-14.691922030337082,0.409836065573771,79.75,12.25,5.325,50.5
-5.0,21.0,-7.28491091724212,6.23611111111111,-14.691922030337082,0.409836065573771,98.0,7.0,5.45,51.0
-5.0,21.0,-7.26083691926016,6.23611111111111,-14.691922030337082,0.409836065573771,119.5,6.5,5.575,51.5
-5.0,21.0,-7.236779682718864,6.23611111111111,-14.691922030337082,0.409836065573771,141.0,6.0,5.7,52.0
-4.85,21.0,-7.228080462294443,6.23611111111111,-14.691922030337082,0.245901639344262,162.5,5.5,5.7,49.5
-4.7,21.0,-7.222142042080192,6.23611111111111,-14.691922030337082,0.245901639344262,184.0,5.0,5.7,47.0
-4.550000000000001,21.0,-7.219018331877929,6.23611111111111,-14.691922030337082,0.245901639344262,191.0,6.0,5.7,44.5
-4.4,21.0,-7.218756503986441,6.23611111111111,-14.691922030337082,0.245901639344262,198.0,7.0,5.7,42.0
-4.275,21.0,-7.088884553389941,6.23611111111111,-14.500589577563744,0.245901639344262,205.0,8.0,5.425000000000001,42.5
-4.15,21.0,-6.958713629363109,6.23611111111111,-14.309680791862434,0.245901639344262,212.0,9.0,5.15,43.0
-4.025,21.0,-6.828242977963592,6.23611111111111,-14.119193490716157,0.245901639344262,222.25,8.75,4.875,43.5
-3.9,21.0,-6.697471412508762,6.23611111111111,-13.929125509223809,0.245901639344262,232.5,8.5,4.6,44.0
-3.625,21.0,-6.480090227402796,6.23611111111111,-13.613271536672755,0.245901639344262,242.75,8.25,4.6,43.75
-3.35,21.0,-6.263517869931278,6.23611111111111,-13.298566546768257,0.245901639344262,253.0,8.0,4.6,43.5
-3.075,21.0,-6.047759263382303,6.23611111111111,-12.985000834028938,0.245901639344262,255.75,6.5,4.6,43.25
-2.8,21.0,-5.832818712904962,6.23611111111111,-12.672564821184324,0.245901639344262,258.5,5.0,4.6,43.0
-2.8,21.0,-5.833315632612991,6.23611111111111,-12.672564821184324,0.245901639344262,261.25,3.5,4.35,43.0
-2.8,21.0,-5.833814683992123,6.23611111111111,-12.672564821184324,0.245901639344262,264.0,2.0,4.1,43.0
-2.8,21.0,-5.83431423841328,6.23611111111111,-12.672564821184324,0.245901639344262,276.75,2.5,3.85,43.0
-2.8,21.0,-5.834812568103691,6.23611111111111,-12.672564821184324,0.245901639344262,289.5,3.0,3.6,43.0
-2.5249999999999995,21.0,-5.691671534476367,6.23611111111111,-12.423423039347256,0.245901639344262,302.25,3.5,3.85,41.5
-2.25,21.0,-5.551910619242647,6.23611111111111,-12.17499343219106,0.245901639344262,315.0,4.0,4.1,40.0
-1.975,21.0,-5.415601840942946,6.23611111111111,-11.927271267638332,0.245901639344262,287.75,3.75,4.35,38.5
-1.7,21.0,-5.2828113458746095,6.23611111111111,-11.68025186283478,0.245901639344262,260.5,3.5,4.6,37.0
-1.5499999999999998,21.0,-5.131864029258786,6.23611111111111,-11.495445705674854,0.245901639344262,233.25,3.25,4.35,37.5
-1.4,21.0,-4.98052166012549,6.23611111111111,-11.311030305669078,0.245901639344262,206.0,3.0,4.1,38.0
-1.25,21.0,-4.828779009497801,6.23611111111111,-11.127003740381326,0.245901639344262,192.0,3.0,3.85,38.5
-1.1,21.0,-4.676632705715468,6.23611111111111,-10.943364102196256,0.245901639344262,178.0,3.0,3.6,39.0
-1.1,21.0,-4.676632705715468,6.23611111111111,-10.943364102196256,0.245901639344262,164.0,3.0,3.6,39.0
-1.1,21.0,-4.676632705715468,6.23611111111111,-10.943364102196256,0.245901639344262,150.0,3.0,3.6,39.0
-1.1,21.0,-4.676632705715468,6.23611111111111,-10.943364102196256,0.245901639344262,133.5,2.5,3.6,39.0
-1.1,21.0,-4.676632705715468,6.23611111111111,-10.943364102196256,0.245901639344262,117.0,2.0,3.6,39.0
-1.25,21.0,-4.797990973134088,6.23611111111111,-11.127003740381326,0.295081967213115,100.5,1.5,3.475,39.0
-1.4,21.0,-4.9194571091866415,6.23611111111111,-11.311030305669078,0.295081967213115,84.0,1.0,3.35,39.0
-1.5499999999999998,21.0,-5.04103386509829,6.23611111111111,-11.495445705674854,0.295081967213115,67.25,0.75,3.225,39.0
-1.7,21.0,-5.162720657983314,6.23611111111111,-11.68025186283478,0.295081967213115,50.5,0.5,3.1,39.0
-1.7,21.0,-5.192702729242664,6.23611111111111,-11.68025186283478,0.540983606557377,33.75,0.25,3.475,38.5
-1.7,21.0,-5.222713170575921,6.23611111111111,-11.68025186283478,0.540983606557377,17.0,0.0,3.85,38.0
-1.7,21.0,-5.252748895062231,6.23611111111111,-11.68025186283478,0.540983606557377,0.0,0.0,4.225,37.5
-1.7,21.0,-5.2828113458746095,6.23611111111111,-11.68025186283478,0.540983606557377,0.0,0.0,4.6,37.0
-1.975,21.0,-5.415042643515639,6.23611111111111,-11.927271267638332,0.885245901639344,0.0,0.0,4.6,38.5
-2.25,21.0,-5.550834856910238,6.23611111111111,-12.17499343219106,0.885245901639344,0.0,0.0,4.6,40.0
-2.5249999999999995,21.0,-5.690116082843147,6.23611111111111,-12.423423039347256,0.885245901639344,0.0,0.0,4.6,41.5
-2.8,21.0,-5.832818712904962,6.23611111111111,-12.672564821184324,0.885245901639344,0.0,0.0,4.6,43.0
-2.925,21.0,-5.9505279220468426,6.23611111111111,-12.79740427001576,0.885245901639344,0.0,0.0,4.75,42.75
-3.05,21.0,-6.068109702778239,6.23611111111111,-12.922423559710635,0.885245901639344,0.0,0.0,4.9,42.5
-3.175,21.0,-6.1855643008524615,6.23611111111111,-13.047623295940127,0.885245901639344,0.0,0.0,5.050000000000001,42.25
-3.3,21.0,-6.302893826525402,6.23611111111111,-13.173004087586833,0.885245901639344,0.0,0.0,5.2,42.0
-3.3,21.0,-6.221288020381411,6.23611111111111,-13.110291021655089,0.885245901639344,0.0,0.0,5.2,43.5
-3.3,21.0,-6.139898404857698,6.23611111111111,-13.047623295940127,0.885245901639344,0.0,0.0,5.2,45.0
-3.3,21.0,-6.058724251408838,6.23611111111111,-12.985000834028938,0.885245901639344,0.0,0.0,5.2,46.5
-3.3,21.0,-5.977766708625086,6.23611111111111,-12.922423559710635,0.885245901639344,0.0,0.0,5.2,48.0
-3.45,21.0,-6.105228128402593,6.23611111111111,-13.047623295940127,1.0,0.0,0.0,4.925000000000001,48.0
-3.6,21.0,-6.232785496373437,6.23611111111111,-13.173004087586833,1.0,0.0,0.0,4.65,48.0
-3.75,21.0,-6.360438594113791,6.23611111111111,-13.298566546768257,1.0,0.0,0.0,4.375,48.0
-3.9,21.0,-6.4881867104063,6.23611111111111,-13.424311288860224,1.0,0.0,0.0,4.1,48.0
-4.025,21.0,-6.569071274655927,6.23611111111111,-13.550238932520584,1.0,0.0,0.0,3.975,48.5
-4.15,21.0,-6.650433277040912,6.23611111111111,-13.676350099713034,1.0,0.0,0.0,3.85,49.0
-4.275,21.0,-6.732266969320487,6.23611111111111,-13.80264541573132,1.0,0.0,0.0,3.725,49.5
-4.4,21.0,-6.814569283611976,6.23611111111111,-13.929125509223809,1.0,0.0,0.0,3.6,50.0
-4.4,21.0,-6.8141616896399135,6.23611111111111,-13.929125509223809,1.0,0.0,0.0,3.35,50.0
-4.4,21.0,-6.813754491362297,6.23611111111111,-13.929125509223809,1.0,0.0,0.0,3.1,50.0
-4.4,21.0,-6.813346120868389,6.23611111111111,-13.929125509223809,1.0,0.0,0.0,2.85,50.0
-4.4,21.0,-6.8129399749587405,6.23611111111111,-13.929125509223809,1.0,0.0,0.0,2.6,50.0
-4.4,21.0,-6.8129399749587405,6.23666666666667,-13.929125509223809,1.0,0.0,0.0,2.725,50.0
-4.4,21.0,-6.8129399749587405,6.23666666666667,-13.929125509223809,1.0,0.0,0.0,2.85,50.0
-4.4,21.0,-6.8129399749587405,6.23666666666667,-13.929125509223809,1.0,0.0,0.0,2.975,50.0
-4.4,21.0,-6.8129399749587405,6.23666666666667,-13.929125509223809,1.0,0.0,0.0,3.1,50.0
-4.4,21.0,-6.775482434323402,6.23666666666667,-13.929125509223809,1.0,0.0,0.0,3.1,50.75
-4.4,21.0,-6.738064590478035,6.23666666666667,-13.929125509223809,1.0,0.0,0.0,3.1,51.5
-4.4,21.0,-6.700684711291348,6.23666666666667,-13.929125509223809,1.0,0.0,0.0,3.1,52.25
-4.4,21.0,-6.663344559172739,6.23666666666667,-13.929125509223809,1.0,0.0,0.0,3.1,53.0
-4.4,21.0,-6.750533670072183,6.23666666666667,-14.05579101221764,1.0,0.0,0.0,3.475,51.25
-4.4,21.0,-6.837932997167705,6.23666666666667,-14.182642560143847,1.0,0.0,0.0,3.85,49.5
-4.4,21.0,-6.925544407220812,6.23666666666667,-14.309680791862434,1.0,0.0,0.0,4.225,47.75
-4.4,21.0,-7.013368232343138,6.23666666666667,-14.436906349687431,1.0,0.0,0.0,4.6,46.0
-4.4,21.0,-7.15180819239099,6.23666666666667,-14.628097336506071,1.0,0.0,0.0,4.75,43.25
-4.4,21.0,-7.290773505786337,6.23666666666667,-14.819713455291549,1.0,0.0,0.0,4.9,40.5
-4.4,21.0,-7.430266930252718,6.23666666666667,-15.01175691835789,1.0,0.0,0.0,5.050000000000001,37.75
-4.4,21.0,-7.57028739283193,6.23666666666667,-15.204229956164454,1.0,0.0,0.0,5.2,35.0
-4.4,21.0,-7.595802348341716,6.23666666666667,-15.204229956164454,1.0,0.0,0.0,5.45,34.5
-4.4,21.0,-7.621335054567235,6.23666666666667,-15.204229956164454,1.0,0.0,0.0,5.7,34.0
-4.4,21.0,-7.646884629091439,6.23666666666667,-15.204229956164454,1.0,0.0,0.0,5.95,33.5
-4.4,21.0,-7.672451962638438,6.23666666666667,-15.204229956164454,1.0,0.0,0.0,6.2,33.0
-4.4,21.0,-7.646884629091439,6.23666666666667,-15.204229956164454,1.0,0.0,0.0,6.2,33.5
-4.4,21.0,-7.621335054567235,6.23666666666667,-15.204229956164454,1.0,0.0,0.0,6.2,34.0
-4.4,21.0,-7.595802348341716,6.23666666666667,-15.204229956164454,1.0,0.0,0.0,6.2,34.5
-4.4,21.0,-7.57028739283193,6.23666666666667,-15.204229956164454,1.0,0.0,0.0,6.2,35.0
-4.550000000000001,21.0,-7.654461177394117,6.23666666666667,-15.332785077096672,1.0,0.0,0.0,6.45,35.75
-4.7,21.0,-7.73952551361296,6.23666666666667,-15.461532790110311,1.0,0.0,0.0,6.7,36.5
-4.85,21.0,-7.825475434391435,6.23666666666667,-15.59047376978441,1.0,0.0,0.0,6.95,37.25
-5.0,21.0,-7.912301955389134,6.23666666666667,-15.719608694418412,1.0,0.0,0.0,7.2,38.0
-5.0,21.0,-7.862923844881218,6.23666666666667,-16.43334821595721,0.868852459016393,28.5,2.25,7.2,39.0
-5.0,21.0,-7.813629040159785,6.23666666666667,-17.15309103607177,0.868852459016393,38.0,3.0,7.2,40.0
-5.0,21.0,-7.764415633348614,6.23666666666667,-17.87895631209119,0.868852459016393,47.25,139.0,7.2,41.0
-5.0,21.0,-7.715283398303256,6.23666666666667,-18.61106696063706,0.868852459016393,56.5,275.0,7.2,42.0
-4.85,21.0,-7.540480636700426,6.23666666666667,-19.147506049585477,0.409836065573771,65.75,411.0,7.325,43.0
-4.7,21.0,-7.364934768704348,6.23666666666667,-19.687365623982856,0.409836065573771,75.0,547.0,7.45,44.0
-4.550000000000001,21.0,-7.188643938733428,6.23666666666667,-20.23069701051457,0.409836065573771,73.5,604.25,7.575,45.0
-4.4,21.0,-7.011596152515543,6.23666666666667,-20.777552756643928,0.409836065573771,72.0,661.5,7.7,46.0
-4.125,21.0,-6.778101815309171,6.23666666666667,-20.57206545337453,0.245901639344262,70.5,718.75,7.325,46.0
-3.85,21.0,-6.544942409458721,6.23666666666667,-20.367078458312022,0.245901639344262,69.0,776.0,6.95,46.0
-3.575,21.0,-6.312119246091994,6.23666666666667,-20.16258893836911,0.245901639344262,83.75,716.5,6.575,46.0
-3.3,21.0,-6.079627384380626,6.23666666666667,-19.95859408558755,0.245901639344262,98.5,657.0,6.2,46.0
-3.175,21.0,-5.933744966253627,6.23666666666667,-19.619694376630804,0.245901639344262,113.25,597.5,6.2,46.75
-3.05,21.0,-5.78736762931769,6.23666666666667,-19.28214828822232,0.245901639344262,128.0,538.0,6.2,47.5
-2.925,21.0,-5.640497019730123,6.23666666666667,-18.945943271798512,0.245901639344262,113.5,628.0,6.2,48.25
-2.8,21.0,-5.493129874141851,6.23666666666667,-18.61106696063706,0.245901639344262,99.0,718.0,6.2,49.0
-2.5249999999999995,21.0,-5.287729087042277,6.23666666666667,-18.744858824483487,0.245901639344262,84.5,808.0,6.2,48.5
-2.25,21.0,-5.083576786429882,6.23666666666667,-18.878862105720486,0.245901639344262,70.0,898.0,6.2,48.0
-1.975,21.0,-4.880679307119186,6.23666666666667,-19.013077585516584,0.245901639344262,68.75,900.25,6.2,47.5
-1.7,21.0,-4.679054314026042,6.23666666666667,-19.147506049585477,0.245901639344262,67.5,902.5,6.2,47.0
-1.275,21.0,-4.352738558653841,6.23666666666667,-18.677936514032893,0.245901639344262,66.25,904.75,6.575,46.5
-0.85,21.0,-4.028634434299064,6.23666666666667,-18.21095212918749,0.245901639344262,65.0,907.0,6.95,46.0
-0.425,21.0,-3.706759949779688,6.23666666666667,-17.74651992840674,0.245901639344262,63.0,909.25,7.325,45.5
0.0,21.0,-3.387135244640473,6.23666666666667,-17.284607600902348,0.245901639344262,61.0,911.5,7.7,45.0
0.15,21.0,-3.2842147875401304,6.23666666666667,-17.087408693537668,0.245901639344262,59.0,913.75,7.2,44.75
0.3,21.0,-3.181982224350824,6.23666666666667,-16.890664336877478,0.245901639344262,57.0,916.0,6.7,44.5
0.4499999999999999,21.0,-3.080151658605937,6.23666666666667,-16.694372093645995,0.245901639344262,89.5,772.5,6.2,44.25
0.6,21.0,-2.9787259610125005,6.23666666666667,-16.498529547041073,0.245901639344262,122.0,629.0,5.7,44.0
0.725,21.0,-2.913799413822153,6.23666666666667,-15.461532790110311,0.245901639344262,154.5,485.5,6.075,43.5
0.8500000000000001,21.0,-2.849406899205494,6.23666666666667,-14.436906349687431,0.245901639344262,187.0,342.0,6.45,43.0
0.975,21.0,-2.785556200429964,6.23666666666667,-13.424311288860224,0.245901639344262,178.25,288.75,6.825,42.5
1.1,21.0,-2.7222464307583043,6.23666666666667,-12.423423039347256,0.245901639344262,169.5,235.5,7.2,42.0
1.375,21.0,-2.560922448103228,6.23666666666667,-12.485641532491798,0.245901639344262,160.75,182.25,7.075,41.25
1.65,21.0,-2.4015650425124138,6.23666666666667,-12.54790461073378,0.245901639344262,152.0,129.0,6.95,40.5
1.9250000000000005,21.0,-2.2441948500534163,6.23666666666667,-12.610212348692698,0.245901639344262,138.25,114.25,6.825,39.75
2.2,21.0,-2.0888309787031853,6.23666666666667,-12.672564821184324,0.245901639344262,124.5,99.5,6.7,39.0
1.8,21.0,-2.3049483760963594,6.23666666666667,-12.423423039347256,0.295081967213115,110.75,84.75,6.575,40.25
1.4,21.0,-2.5257093762852474,6.23666666666667,-12.17499343219106,0.295081967213115,97.0,70.0,6.45,41.5
1.0,21.0,-2.751043134503604,6.23666666666667,-11.927271267638332,0.295081967213115,76.5,53.0,6.325,42.75
0.6,21.0,-2.980879621253025,6.23666666666667,-11.68025186283478,0.295081967213115,56.0,36.0,6.2,44.0
0.4499999999999999,21.0,-3.016125957096217,6.23666666666667,-10.943364102196256,0.540983606557377,35.5,19.0,6.075,45.25
0.3,21.0,-3.0529098363063194,6.23666666666667,-10.212637178261105,0.540983606557377,15.0,2.0,5.95,46.5
0.15,21.0,-3.091213680721576,6.23666666666667,-9.48795222826459,0.540983606557377,0.0,0.0,5.825,47.75
0.0,21.0,-3.1313260488829813,6.23666666666667,-8.769193953872843,0.540983606557377,0.0,0.0,5.7,49.0
-0.15,21.0,-3.22535484330974,6.23666666666667,-8.948334072105865,0.885245901639344,0.0,0.0,6.2,49.5
-0.3,21.0,-3.320023632022523,6.23666666666667,-9.12783932752211,0.885245901639344,0.0,0.0,6.7,50.0
-0.4499999999999999,21.0,-3.4153255979642574,6.23666666666667,-9.30771146144042,0.885245901639344,0.0,0.0,7.2,50.5
-0.6,21.0,-3.5112587302851987,6.23666666666667,-9.48795222826459,0.885245901639344,0.0,0.0,7.7,51.0
-0.6,21.0,-3.542896977833183,6.23666666666667,-9.48795222826459,0.885245901639344,0.0,0.0,7.7,50.5
-0.6,21.0,-3.574574869894404,6.23666666666667,-9.48795222826459,0.885245901639344,0.0,0.0,7.7,50.0
-0.6,21.0,-3.606294124572187,6.23666666666667,-9.48795222826459,0.885245901639344,0.0,0.0,7.7,49.5
-0.6,21.0,-3.638056260366141,6.23666666666667,-9.48795222826459,0.885245901639344,0.0,0.0,7.7,49.0
-0.725,21.0,-3.63473491582456,6.23666666666667,-9.548114707428,0.885245901639344,0.0,0.0,7.825,50.75
-0.8500000000000001,21.0,-3.6333530014043474,6.23666666666667,-9.608318407892057,0.885245901639344,0.0,0.0,7.949999999999999,52.5
-0.975,21.0,-3.6338816488215966,6.23666666666667,-9.668563395618378,0.885245901639344,0.0,0.0,8.075,54.25
-1.1,21.0,-3.6362953060415615,6.23666666666667,-9.728849736734674,0.885245901639344,0.0,0.0,8.2,56.0
-1.1,21.0,-3.6362953060415615,6.23666666666667,-9.728849736734674,1.0,0.0,0.0,8.075,56.0
-1.1,21.0,-3.6362953060415615,6.23666666666667,-9.728849736734674,1.0,0.0,0.0,7.949999999999999,56.0
-1.1,21.0,-3.6362953060415615,6.23666666666667,-9.728849736734674,1.0,0.0,0.0,7.825,56.0
-1.1,21.0,-3.6362953060415615,6.23666666666667,-9.728849736734674,1.0,0.0,0.0,7.7,56.0
-1.1,21.0,-3.606649843231653,6.23666666666667,-9.668563395618378,1.0,0.0,0.0,7.45,56.5
-1.1,21.0,-3.577025564727986,6.23666666666667,-9.608318407892057,1.0,0.0,0.0,7.2,57.0
-1.1,21.0,-3.5474194207081498,6.23666666666667,-9.548114707428,1.0,0.0,0.0,6.95,57.5
-1.1,21.0,-3.5178314776972264,6.23666666666667,-9.48795222826459,1.0,0.0,0.0,6.7,58.0
-1.25,21.0,-3.5748769927067485,6.23666666666667,-9.608318407892057,1.0,0.0,0.0,6.45,59.25
-1.4,21.0,-3.633383470262215,6.23666666666667,-9.728849736734674,1.0,0.0,0.0,6.2,60.5
-1.5499999999999998,21.0,-3.693331269608876,6.23666666666667,-9.849546744481245,1.0,0.0,0.0,5.95,61.75
-1.7,21.0,-3.7547005762607433,6.23666666666667,-9.970409963495,1.0,0.0,0.0,5.7,63.0
-1.825,21.0,-3.738519500666829,6.23888888888889,-10.030904069326482,1.0,0.0,0.0,5.7,65.25
-1.95,21.0,-3.724603112985108,6.23888888888889,-10.0914399288323,1.0,0.0,0.0,5.7,67.5
-2.075,21.0,-3.712915211982714,6.23888888888889,-10.152017609318364,1.0,0.0,0.0,5.7,69.75
-2.2,21.0,-3.703418881063436,6.23888888888889,-10.212637178261105,1.0,0.0,0.0,5.7,72.0
-2.2,21.0,-3.7447004338706606,6.23888888888889,-10.2732987033084,1.0,0.0,0.0,5.95,71.25
-2.2,21.0,-3.786038936223111,6.23888888888889,-10.334002252279843,1.0,0.0,0.0,6.2,70.5
-2.2,21.0,-3.8274282644720903,6.23888888888889,-10.394747893167448,1.0,0.0,0.0,6.45,69.75
-2.2,21.0,-3.868871581592027,6.23888888888889,-10.455535694136302,1.0,0.0,0.0,6.7,69.0
-2.35,21.0,-3.923772000618974,6.23888888888889,-10.577238049846642,1.0,0.0,0.0,6.45,70.5
-2.5,21.0,-3.9802530725791394,6.23888888888889,-10.699109868214803,1.0,0.0,0.0,6.2,72.0
-2.6499999999999995,21.0,-4.038291713867055,6.23888888888889,-10.821151700852056,1.0,0.0,0.0,5.95,73.5
-2.8,21.0,-4.097865396706251,6.23888888888889,-10.943364102196256,1.0,0.0,0.0,5.7,75.0
-2.925,21.0,-4.135570881256251,6.23888888888889,-11.004534440173131,1.0,0.0,0.0,5.7,76.5
-3.05,21.0,-4.174551461340723,6.23888888888889,-11.065747629531984,1.0,0.0,0.0,5.7,78.0
-3.175,21.0,-4.21478583404933,6.23888888888889,-11.127003740381326,1.0,0.0,0.0,5.7,79.5
-3.3,21.0,-4.25626555218738,6.23888888888889,-11.18830284301032,1.0,0.0,0.0,5.7,81.0
-3.3,21.0,-4.205361250565023,6.23888888888889,-11.127003740381326,1.0,0.0,0.0,5.7,82.0
-3.3,21.0,-4.154515886783557,6.23888888888889,-11.065747629531984,1.0,0.0,0.0,5.7,83.0
-3.3,21.0,-4.103738952655647,6.23888888888889,-11.004534440173131,1.0,0.0,0.0,5.7,84.0
-3.3,21.0,-4.053024269283784,6.23888888888889,-10.943364102196256,1.0,0.0,0.0,5.7,85.0
-3.175,21.0,-3.984246211680725,6.23888888888889,-10.821151700852056,1.0,0.0,0.0,5.425000000000001,84.0
-3.05,21.0,-3.916261400759075,6.23888888888889,-10.699109868214803,1.0,0.0,0.0,5.15,83.0
-2.925,21.0,-3.8490748971762097,6.23888888888889,-10.577238049846642,1.0,0.0,0.0,4.875,82.0
-2.8,21.0,-3.7826945439310538,6.23888888888889,-10.455535694136302,1.0,0.0,0.0,4.6,81.0
-2.8,21.0,-3.7828476653017455,6.23888888888889,-10.455535694136302,1.0,0.0,0.0,4.475,81.0
-2.8,21.0,-3.783001372328063,6.23888888888889,-10.455535694136302,1.0,0.0,0.0,4.35,81.0
-2.8,21.0,-3.783152664591608,6.23888888888889,-10.455535694136302,1.0,0.0,0.0,4.225,81.0
-2.8,21.0,-3.783304564818016,6.23888888888889,-10.455535694136302,1.0,0.0,0.0,4.1,81.0
-2.6499999999999995,21.0,-3.5881526303918805,6.23888888888889,-10.2732987033084,0.868852459016393,18.0,3.0,3.725,82.0
-2.5,20.5,-3.3922536763562063,6.23888888888889,-10.0914399288323,0.868852459016393,24.0,4.0,3.35,83.0
-2.35,20.5,-3.195613908096264,6.23888888888889,-9.90995754420203,0.868852459016393,45.25,7.75,2.975,84.0
-2.2,20.5,-2.9982313062979227,6.23888888888889,-9.728849736734674,0.868852459016393,66.5,11.5,2.6,85.0
-2.075,20.5,-2.878374792868424,6.23888888888889,-9.548114707428,0.409836065573771,87.75,15.25,2.725,85.0
-1.95,20.5,-2.758527539705711,6.23888888888889,-9.36775067081993,0.409836065573771,109.0,19.0,2.85,85.0
-1.825,20.5,-2.638689334390377,6.23888888888889,-9.187755854850195,0.409836065573771,133.5,14.75,2.975,85.0
-1.7,20.5,-2.518864686987944,6.23888888888889,-9.008128500723217,0.409836065573771,158.0,10.5,3.1,85.0
-1.5499999999999998,20.5,-2.417075025752257,6.23888888888889,-8.888580214180081,0.245901639344262,182.5,6.25,3.35,84.25
-1.4,20.5,-2.316022553629647,6.23888888888889,-8.769193953872843,0.245901639344262,207.0,2.0,3.6,83.5
-1.25,20.5,-2.2157104552495057,6.23888888888889,-8.649969208331584,0.245901639344262,217.5,3.25,3.85,82.75
-1.1,20.5,-2.1161477670041218,6.23888888888889,-8.530905468618926,0.245901639344262,228.0,4.5,4.1,82.0
-1.1,20.5,-2.1161477670041218,6.23888888888889,-8.530905468618926,0.245901639344262,238.5,5.75,4.1,82.0
-1.1,20.5,-2.1161477670041218,6.23888888888889,-8.530905468618926,0.245901639344262,249.0,7.0,4.1,82.0
-1.1,20.5,-2.1161477670041218,6.23888888888889,-8.530905468618926,0.245901639344262,255.25,6.25,4.1,82.0
-1.1,20.5,-2.1161477670041218,6.23888888888889,-8.530905468618926,0.245901639344262,261.5,5.5,4.1,82.0
-0.975,20.5,-1.9543041212253625,6.23888888888889,-8.352610637864302,0.245901639344262,267.75,4.75,3.975,82.75
-0.8500000000000001,20.0,-1.7919709876068142,6.23888888888889,-8.174675232709944,0.245901639344262,274.0,4.0,3.85,83.5
-0.725,20.0,-1.6291480616490286,6.23888888888889,-7.997097567027481,0.245901639344262,274.75,3.75,3.725,84.25
-0.6,20.0,-1.4658407880120048,6.23888888888889,-7.819875967085466,0.245901639344262,275.5,3.5,3.6,85.0
-0.6,20.0,-1.5099508315204122,6.23888888888889,-7.819875967085466,0.245901639344262,276.25,3.25,3.6,84.25
-0.6,20.0,-1.5541386289191348,6.23888888888889,-7.819875967085466,0.245901639344262,277.0,3.0,3.6,83.5
-0.6,20.0,-1.5984072199527857,6.23888888888889,-7.819875967085466,0.245901639344262,277.0,2.25,3.6,82.75
-0.6,20.0,-1.642753891466057,6.23888888888889,-7.819875967085466,0.245901639344262,277.0,1.5,3.6,82.0
-0.6,20.0,-1.5986951862583978,6.23888888888889,-7.819875967085466,0.245901639344262,277.0,0.75,3.6,82.75
-0.6,20.0,-1.5546893913155302,6.23888888888889,-7.819875967085466,0.245901639344262,277.0,0.0,3.6,83.5
-0.6,20.0,-1.5107393384954393,6.23888888888889,-7.819875967085466,0.245901639344262,275.0,0.0,3.6,84.25
-0.6,20.0,-1.4668393354838152,6.23888888888889,-7.819875967085466,0.245901639344262,273.0,0.0,3.6,85.0
-0.6,20.0,-1.4668393354838152,6.23888888888889,-7.819875967085466,0.245901639344262,271.0,0.0,4.0,85.0
-0.6,20.0,-1.4668393354838152,6.23888888888889,-7.819875967085466,0.245901639344262,269.0,0.0,4.4,85.0
-0.6,20.0,-1.4668393354838152,6.23888888888889,-7.819875967085466,0.245901639344262,246.0,0.5,4.800000000000001,85.0
-0.6,20.0,-1.4668393354838152,6.23888888888889,-7.819875967085466,0.245901639344262,223.0,1.0,5.2,85.0
-0.6,20.0,-1.4669649473887618,6.23888888888889,-7.819875967085466,0.245901639344262,200.0,1.5,5.050000000000001,85.0
-0.6,20.0,-1.467088446921195,6.23888888888889,-7.819875967085466,0.245901639344262,177.0,2.0,4.9,85.0
-0.6,20.0,-1.4672155088401204,6.23888888888889,-7.819875967085466,0.245901639344262,157.75,1.5,4.75,85.0
-0.6,20.0,-1.4673404752907264,6.23888888888889,-7.819875967085466,0.245901639344262,138.5,1.0,4.6,85.0
-0.6,20.0,-1.3647979161954564,6.23888888888889,-7.760880938641264,0.295081967213115,119.25,0.5,4.475,86.75
-0.6,20.0,-1.2626174488800292,6.23888888888889,-7.701925227116078,0.295081967213115,100.0,0.0,4.35,88.5
-0.6,20.0,-1.1607949602471712,6.23888888888889,-7.643008771424832,0.295081967213115,81.25,0.0,4.225,90.25
-0.6,20.0,-1.059329091839764,6.23888888888889,-7.584131510631607,0.295081967213115,62.5,0.0,4.1,92.0
-0.6,20.0,-1.059329091839764,6.23888888888889,-7.584131510631607,0.540983606557377,43.75,0.0,4.1,92.0
-0.6,20.5,-1.059329091839764,6.23888888888889,-7.584131510631607,0.540983606557377,25.0,0.0,4.1,92.0
-0.6,20.5,-1.059329091839764,6.23888888888889,-7.584131510631607,0.540983606557377,0.0,0.0,4.1,92.0
-0.6,20.5,-1.059329091839764,6.23888888888889,-7.584131510631607,0.540983606557377,0.0,0.0,4.1,92.0
-0.4499999999999999,20.5,-1.0147725677823425,6.23888888888889,-7.4664943307371345,0.885245901639344,0.0,0.0,4.875,90.25
-0.3,20.5,-0.9720565636862304,6.23888888888889,-7.349013202905894,0.885245901639344,0.0,0.0,5.65,88.5
-0.15,20.5,-0.9312045929142152,6.23888888888889,-7.23168764496387,0.885245901639344,0.0,0.0,6.425000000000001,86.75
0.0,20.5,-0.8922433973116521,6.23888888888889,-7.114517177073878,0.885245901639344,0.0,0.0,7.2,85.0
-0.15,20.5,-1.0808981638040929,6.23888888888889,-7.290331007743134,0.885245901639344,0.0,0.0,6.7,84.25
-0.3,21.0,-1.268968869691078,6.23888888888889,-7.4664943307371345,0.885245901639344,0.0,0.0,6.2,83.5
-0.4499999999999999,21.0,-1.4564553001006524,6.23888888888889,-7.643008771424832,0.885245901639344,0.0,0.0,5.7,82.75
-0.6,21.0,-1.6433580468406594,6.23888888888889,-7.819875967085466,0.885245901639344,0.0,0.0,5.2,82.0
-0.6,21.0,-1.6433580468406594,6.23888888888889,-7.819875967085466,0.885245901639344,0.0,0.0,5.7,82.0
-0.6,21.0,-1.6433580468406594,6.23888888888889,-7.819875967085466,0.885245901639344,0.0,0.0,6.2,82.0
-0.6,21.0,-1.6433580468406594,6.23888888888889,-7.819875967085466,0.885245901639344,0.0,0.0,6.7,82.0
-0.6,21.0,-1.6433580468406594,6.23888888888889,-7.819875967085466,0.885245901639344,0.0,0.0,7.2,82.0
-0.6,21.0,-1.7024354073210166,6.23888888888889,-7.878910373683141,1.0,0.0,0.0,7.075,81.0
-0.6,21.0,-1.761630158826184,6.23888888888889,-7.937984219818816,1.0,0.0,0.0,6.95,80.0
-0.6,21.0,-1.8209454112513328,6.23888888888889,-7.997097567027481,1.0,0.0,0.0,6.825,79.0
-0.6,21.0,-1.8803784969905923,6.23888888888889,-8.056250476995217,1.0,0.0,0.0,6.7,78.0
-0.6,21.0,-1.8209454112513328,6.23888888888889,-7.997097567027481,1.0,0.0,0.0,6.325,79.0
-0.6,21.0,-1.761630158826184,6.23888888888889,-7.937984219818816,1.0,0.0,0.0,5.95,80.0
-0.6,21.0,-1.7024354073210166,6.23888888888889,-7.878910373683141,1.0,0.0,0.0,5.575,81.0
-0.6,21.0,-1.6433580468406594,6.23888888888889,-7.819875967085466,1.0,0.0,0.0,5.2,82.0
-0.725,21.0,-1.718180281236187,6.23888888888889,-7.937984219818816,1.0,0.0,0.0,4.925000000000001,82.75
-0.8500000000000001,21.0,-1.7936186881033545,6.23888888888889,-8.056250476995217,1.0,0.0,0.0,4.65,83.5
-0.975,21.0,-1.8696683700029453,6.23888888888889,-8.174675232709944,1.0,0.0,0.0,4.375,84.25
-1.1,21.0,-1.9463240078205424,6.23888888888889,-8.293258983490432,1.0,0.0,0.0,4.1,85.0
-1.25,21.0,-2.0332968795963127,6.24277777777778,-8.471433817593663,1.0,0.0,0.0,4.375,86.0
-1.4,21.0,-2.1212517654486738,6.24277777777778,-8.649969208331584,1.0,0.0,0.0,4.65,87.0
-1.5499999999999998,21.0,-2.210184826105419,6.24277777777778,-8.828866862773395,1.0,0.0,0.0,4.925000000000001,88.0
-1.7,21.0,-2.300083155828747,6.24277777777778,-9.008128500723217,1.0,0.0,0.0,5.2,89.0
-1.7,21.0,-2.3552383461576816,6.24277777777778,-9.008128500723217,1.0,0.0,0.0,5.325,88.0
-1.7,21.0,-2.41049504022314,6.24277777777778,-9.008128500723217,1.0,0.0,0.0,5.45,87.0
-1.7,21.0,-2.4658535126730654,6.24277777777778,-9.008128500723217,1.0,0.0,0.0,5.575,86.0
-1.7,21.0,-2.5213109935915283,6.24277777777778,-9.008128500723217,1.0,0.0,0.0,5.7,85.0
-1.7,21.0,-2.5213109935915283,6.24277777777778,-9.008128500723217,1.0,0.0,0.0,5.575,85.0
-1.7,21.0,-2.5213109935915283,6.24277777777778,-9.008128500723217,1.0,0.0,0.0,5.45,85.0
-1.7,21.0,-2.5213109935915283,6.24277777777778,-9.008128500723217,1.0,0.0,0.0,5.325,85.0
-1.7,21.0,-2.5213109935915283,6.24277777777778,-9.008128500723217,1.0,0.0,0.0,5.2,85.0
-1.7,21.0,-2.465738586833762,6.24277777777778,-9.008128500723217,1.0,0.0,0.0,5.45,86.0
-1.7,21.0,-2.410282737457909,6.24277777777778,-9.008128500723217,1.0,0.0,0.0,5.7,87.0
-1.7,21.0,-2.3549460649921574,6.24277777777778,-9.008128500723217,1.0,0.0,0.0,5.95,88.0
-1.7,21.0,-2.2997253552830434,6.24277777777778,-9.008128500723217,1.0,0.0,0.0,6.2,89.0
-1.7,21.0,-2.2997253552830434,6.24277777777778,-9.008128500723217,1.0,0.0,0.0,5.675000000000001,89.0
-1.7,21.0,-2.2997253552830434,6.24277777777778,-9.008128500723217,1.0,0.0,0.0,5.15,89.0
-1.7,21.0,-2.2997253552830434,6.24277777777778,-9.008128500723217,1.0,0.0,0.0,4.625,89.0
-1.7,21.0,-2.2997253552830434,6.24277777777778,-9.008128500723217,1.0,0.0,0.0,4.1,89.0
-1.7,21.0,-2.2997253552830434,6.24277777777778,-9.008128500723217,1.0,0.0,0.0,4.225,89.0
-1.7,21.0,-2.2997253552830434,6.24277777777778,-9.008128500723217,1.0,0.0,0.0,4.35,89.0
-1.7,21.0,-2.2997253552830434,6.24277777777778,-9.008128500723217,1.0,0.0,0.0,4.475,89.0
-1.7,21.0,-2.2997253552830434,6.24277777777778,-9.008128500723217,1.0,0.0,0.0,4.6,89.0
-1.7,21.0,-2.2997253552830434,6.24277777777778,-9.008128500723217,1.0,0.0,0.0,4.875,89.0
-1.7,21.0,-2.2997253552830434,6.24277777777778,-9.008128500723217,1.0,0.0,0.0,5.15,89.0
-1.7,21.0,-2.2997253552830434,6.24277777777778,-9.008128500723217,1.0,0.0,0.0,5.425000000000001,89.0
-1.7,21.0,-2.2997253552830434,6.24277777777778,-9.008128500723217,1.0,22.0,0.5,5.7,89.0
-1.7,21.0,-2.2997253552830434,6.24277777777778,-9.008128500723217,0.868852459016393,32.5,0.75,5.575,89.0
-1.7,20.5,-2.2997253552830434,6.24277777777778,-9.008128500723217,0.868852459016393,43.0,1.0,5.45,89.0
-1.7,20.5,-2.2997253552830434,6.24277777777778,-9.008128500723217,0.868852459016393,66.0,0.75,5.325,89.0
-1.7,20.5,-2.2997253552830434,6.24277777777778,-9.008128500723217,0.868852459016393,89.0,0.5,5.2,89.0
-1.5499999999999998,20.5,-2.2096979385199456,6.24277777777778,-8.828866862773395,0.409836065573771,112.0,0.25,5.2,88.0
-1.4,20.5,-2.120616763257085,6.24277777777778,-8.649969208331584,0.409836065573771,135.0,0.0,5.2,87.0
-1.25,20.5,-2.032492028286298,6.24277777777778,-8.471433817593663,0.409836065573771,157.5,0.25,5.2,86.0
-1.1,20.5,-1.9453309046718676,6.24277777777778,-8.293258983490432,0.409836065573771,180.0,0.5,5.2,85.0
-0.8250000000000001,20.5,-1.6819921681846195,6.24277777777778,-7.997097567027481,0.245901639344262,202.5,0.75,5.050000000000001,85.0
-0.55,20.5,-1.4186975730991205,6.24277777777778,-7.701925227116078,0.245901639344262,225.0,1.0,4.9,85.0
-0.275,20.5,-1.1554497933991683,6.24277777777778,-7.407734290504436,0.245901639344262,241.25,0.75,4.75,85.0
0.0,20.5,-0.8922433973116521,6.24277777777778,-7.114517177073878,0.245901639344262,257.5,0.5,4.6,85.0
0.0,20.5,-0.8922433973116521,6.24277777777778,-7.114517177073878,0.245901639344262,273.75,0.25,4.6,85.0
0.0,20.5,-0.8922433973116521,6.24277777777778,-7.114517177073878,0.245901639344262,290.0,0.0,4.6,85.0
0.0,20.5,-0.8922433973116521,6.24277777777778,-7.114517177073878,0.245901639344262,306.0,0.0,4.6,85.0
0.0,20.5,-0.8922433973116521,6.24277777777778,-7.114517177073878,0.245901639344262,322.0,0.0,4.6,85.0
0.15,20.5,-0.7556464203418993,6.24277777777778,-6.9390512251527525,0.245901639344262,338.0,0.0,4.6,85.0
0.3,20.0,-0.6196598943848152,6.24277777777778,-6.763931550078951,0.245901639344262,354.0,0.0,4.6,85.0
0.4499999999999999,20.0,-0.4837843814527272,6.24277777777778,-6.58915656151288,0.245901639344262,352.0,0.5,4.6,85.0
0.6,20.0,-0.3480188877880691,6.24277777777778,-6.414724680562358,0.245901639344262,350.0,1.0,4.6,85.0
0.725,20.0,-0.3286102985231995,6.24277777777778,-6.298626600705461,0.245901639344262,348.0,1.5,4.225,83.5
0.8500000000000001,20.0,-0.3105605710208263,6.24277777777778,-6.1826798545142765,0.245901639344262,346.0,2.0,3.85,82.0
0.975,20.0,-0.293883326680467,6.24277777777778,-6.066883982506283,0.245901639344262,345.25,1.75,3.475,80.5
1.1,20.0,-0.2785953273478221,6.24277777777778,-5.951238527387829,0.245901639344262,344.5,1.5,3.1,79.0
1.25,20.0,-0.2914233561456962,6.24277777777778,-5.893472063852641,0.245901639344262,343.75,1.25,2.975,76.75
1.4,20.0,-0.3069860029998846,6.24277777777778,-5.835743034039126,0.245901639344262,343.0,1.0,2.85,74.5
1.5499999999999998,20.0,-0.3253276785359207,6.24277777777778,-5.7780513813946754,0.245901639344262,331.0,1.25,2.725,72.25
1.7,20.0,-0.3464992221210353,6.24277777777778,-5.720397049500946,0.245901639344262,319.0,1.5,2.6,70.0
1.5499999999999998,20.0,-0.5256144827960179,6.24277777777778,-5.893472063852641,0.245901639344262,307.0,1.75,2.6,69.25
1.4,20.0,-0.7043176027867266,6.24277777777778,-6.066883982506283,0.245901639344262,295.0,2.0,2.6,68.5
1.25,20.0,-0.8826038632815986,6.24277777777778,-6.240634339670748,0.245901639344262,270.25,1.5,2.6,67.75
1.1,20.0,-1.0604701480366694,6.24277777777778,-6.414724680562358,0.245901639344262,245.5,1.0,2.6,67.0
1.1,20.0,-1.0607772775294173,6.24277777777778,-6.414724680562358,0.245901639344262,220.75,0.5,2.725,67.0
1.1,20.0,-1.0610851374286017,6.24277777777778,-6.414724680562358,0.245901639344262,196.0,0.0,2.85,67.0
1.1,20.0,-1.0613936728970448,6.24277777777778,-6.414724680562358,0.245901639344262,172.25,0.25,2.975,67.0
1.1,20.0,-1.061700146235306,6.24277777777778,-6.414724680562358,0.245901639344262,148.5,0.5,3.1,67.0
0.975,20.0,-1.1197061667271144,6.24277777777778,-6.530974555770001,0.295081967213115,124.75,0.75,3.1,67.75
0.8500000000000001,20.0,-1.1783782387731598,6.24277777777778,-6.6473766902308284,0.295081967213115,101.0,1.0,3.1,68.5
0.725,20.0,-1.2377167267717883,6.24277777777778,-6.763931550078951,0.295081967213115,82.0,0.75,3.1,69.25
0.6,20.0,-1.2977137499453384,6.24277777777778,-6.880639603694988,0.295081967213115,63.0,0.5,3.1,70.0
0.4499999999999999,20.0,-1.3479860583793797,6.24277777777778,-6.99750132172062,0.540983606557377,44.0,0.25,2.85,71.25
0.3,20.5,-1.3996023305622316,6.24277777777778,-7.114517177073878,0.540983606557377,25.0,0.0,2.6,72.5
0.15,20.5,-1.452552428300791,6.24277777777778,-7.23168764496387,0.540983606557377,0.0,0.0,2.35,73.75
0.0,20.5,-1.5072721425605098,6.24277777777778,-7.349013202905894,0.540983606557377,0.0,0.0,2.1,75.0
0.0,20.5,-1.5072721425605098,6.24277777777778,-7.349013202905894,0.885245901639344,0.0,0.0,2.1,75.0
0.0,20.5,-1.5072721425605098,6.24277777777778,-7.349013202905894,0.885245901639344,0.0,0.0,2.1,75.0
0.0,20.5,-1.5072721425605098,6.24277777777778,-7.349013202905894,0.885245901639344,0.0,0.0,2.1,75.0
0.0,20.5,-1.5072721425605098,6.24277777777778,-7.349013202905894,0.885245901639344,0.0,0.0,2.1,75.0
0.0,20.5,-1.507052279074344,6.24277777777778,-7.349013202905894,0.885245901639344,0.0,0.0,2.1,75.0
0.0,21.0,-1.5068359759952186,6.24277777777778,-7.349013202905894,0.885245901639344,0.0,0.0,2.1,75.0
0.0,21.0,-1.506617545729508,6.24277777777778,-7.349013202905894,0.885245901639344,0.0,0.0,2.1,75.0
0.0,21.0,-1.5063998453904843,6.24277777777778,-7.349013202905894,0.885245901639344,0.0,0.0,2.1,75.0
-0.15,21.0,-1.5996717726830796,6.24277777777778,-7.525293383948849,0.885245901639344,0.0,0.0,2.225,75.75
-0.3,21.0,-1.6937223681579514,6.24277777777778,-7.701925227116078,0.885245901639344,0.0,0.0,2.35,76.5
-0.4499999999999999,21.0,-1.788542793110984,6.24277777777778,-7.878910373683141,0.885245901639344,0.0,0.0,2.475,77.25
-0.6,21.0,-1.8841300267706729,6.24277777777778,-8.056250476995217,0.885245901639344,0.0,0.0,2.6,78.0
-0.6,21.0,-1.8246946272086408,6.24277777777778,-7.997097567027481,1.0,0.0,0.0,2.85,79.0
-0.6,21.0,-1.76536102656549,6.24277777777778,-7.937984219818816,1.0,0.0,0.0,3.1,80.0
-0.6,21.0,-1.7061320998365024,6.24277777777778,-7.878910373683141,1.0,0.0,0.0,3.35,81.0
-0.6,21.0,-1.647001982174389,6.24277777777778,-7.819875967085466,1.0,0.0,0.0,3.6,82.0
-0.6,21.0,-1.6471529004318706,6.24277777777778,-7.819875967085466,1.0,0.0,0.0,3.6,82.0
-0.6,21.0,-1.6473073747352118,6.24277777777778,-7.819875967085466,1.0,0.0,0.0,3.6,82.0
-0.6,21.0,-1.647459732279971,6.24277777777778,-7.819875967085466,1.0,0.0,0.0,3.6,82.0
-0.6,21.0,-1.6476099429448685,6.24277777777778,-7.819875967085466,1.0,0.0,0.0,3.6,82.0
-0.725,21.0,-1.663344855243535,6.24277777777778,-7.937984219818816,1.0,0.0,0.0,3.6,83.75
-0.8500000000000001,21.0,-1.6807369549432325,6.24277777777778,-8.056250476995217,1.0,0.0,0.0,3.6,85.5
-0.975,21.0,-1.6997658403969158,6.24277777777778,-8.174675232709944,1.0,0.0,0.0,3.6,87.25
-1.1,21.0,-1.720405404463891,6.24277777777778,-8.293258983490432,1.0,0.0,0.0,3.6,89.0
-1.1,21.0,-1.7205861328745629,6.24833333333333,-8.293258983490432,1.0,0.0,0.0,3.725,89.0
-1.1,21.0,-1.7207669732719746,6.24833333333333,-8.293258983490432,1.0,0.0,0.0,3.85,89.0
-1.1,21.0,-1.7209479605721991,6.24833333333333,-8.293258983490432,1.0,0.0,0.0,3.975,89.0
-1.1,21.0,-1.721129048134442,6.24833333333333,-8.293258983490432,1.0,0.0,0.0,4.1,89.0
-1.1,21.0,-1.621422376576144,6.24833333333333,-8.233947202588524,1.0,0.0,0.0,3.85,90.75
-1.1,21.0,-1.5220554671731263,6.24833333333333,-8.174675232709944,1.0,0.0,0.0,3.6,92.5
-1.1,21.0,-1.4230242840284566,6.24833333333333,-8.115443011559535,1.0,0.0,0.0,3.35,94.25
-1.1,21.0,-1.3243304930037565,6.24833333333333,-8.056250476995217,1.0,0.0,0.0,3.1,96.0
-1.1,21.0,-1.4230242840284566,6.24833333333333,-8.115443011559535,1.0,0.0,0.0,2.975,94.25
-1.1,21.0,-1.5220554671731263,6.24833333333333,-8.174675232709944,1.0,0.0,0.0,2.85,92.5
-1.1,21.0,-1.621422376576144,6.24833333333333,-8.233947202588524,1.0,0.0,0.0,2.725,90.75
-1.1,21.0,-1.721129048134442,6.24833333333333,-8.293258983490432,1.0,0.0,0.0,2.6,89.0
-1.1,21.0,-1.6784413014854933,6.24833333333333,-8.233947202588524,1.0,0.0,0.0,2.975,89.75
-1.1,21.0,-1.635802237994517,6.24833333333333,-8.174675232709944,1.0,0.0,0.0,3.35,90.5
-1.1,21.0,-1.5932118771905068,6.24833333333333,-8.115443011559535,1.0,0.0,0.0,3.725,91.25
-1.1,21.0,-1.5506730514525795,6.24833333333333,-8.056250476995217,1.0,0.0,0.0,4.1,92.0
-1.25,21.0,-1.7961645243895203,6.24833333333333,-8.293258983490432,1.0,0.0,0.0,4.225,90.25
-1.4,21.0,-2.040518668989749,6.24833333333333,-8.530905468618926,1.0,0.0,0.0,4.35,88.5
-1.5499999999999998,21.0,-2.2837193794639887,6.24833333333333,-8.769193953872843,1.0,0.0,0.0,4.475,86.75
-1.7,21.0,-2.5257517942537477,6.24833333333333,-9.008128500723217,1.0,0.0,0.0,4.6,85.0
-1.5499999999999998,21.0,-2.4242120506195515,6.24833333333333,-8.888580214180081,1.0,0.0,0.0,4.475,84.25
-1.4,21.0,-2.323398956300335,6.24833333333333,-8.769193953872843,1.0,0.0,0.0,4.35,83.5
-1.25,21.0,-2.2233186068850226,6.24833333333333,-8.649969208331584,1.0,0.0,0.0,4.225,82.75
-1.1,21.0,-2.123976976206171,6.24833333333333,-8.530905468618926,1.0,0.0,0.0,4.1,82.0
-1.1,21.0,-2.0228419599913043,6.24833333333333,-8.471433817593663,1.0,0.0,0.0,4.225,83.75
-1.1,21.0,-1.9220491896850445,6.24833333333333,-8.412002228312929,1.0,0.0,0.0,4.35,85.5
-1.1,21.0,-1.8216004256757263,6.24833333333333,-8.352610637864302,1.0,0.0,0.0,4.475,87.25
-1.1,21.0,-1.7214916366161506,6.24833333333333,-8.293258983490432,1.0,24.5,0.0,4.6,89.0
-1.1,21.0,-1.721400563397073,6.24833333333333,-8.293258983490432,0.868852459016393,35.75,0.0,4.75,89.0
-1.1,20.5,-1.7213102708942858,6.24833333333333,-8.293258983490432,0.868852459016393,47.0,0.0,4.9,89.0
-1.1,20.5,-1.7212207162236917,6.24833333333333,-8.293258983490432,0.868852459016393,70.5,0.25,5.050000000000001,89.0
-1.1,20.5,-1.721129048134442,6.24833333333333,-8.293258983490432,0.868852459016393,94.0,0.5,5.2,89.0
-1.1,20.5,-1.6783559292976362,6.24833333333333,-8.233947202588524,0.409836065573771,117.5,0.75,4.925000000000001,89.75
-1.1,20.5,-1.6356461702085454,6.24833333333333,-8.174675232709944,0.409836065573771,141.0,1.0,4.65,90.5
-1.1,20.5,-1.5929968109794064,6.24833333333333,-8.115443011559535,0.409836065573771,159.0,1.0,4.375,91.25
-1.1,20.5,-1.550410594531554,6.24833333333333,-8.056250476995217,0.409836065573771,177.0,1.0,4.1,92.0
-0.975,20.5,-1.4281579075270774,6.24833333333333,-7.937984219818816,0.245901639344262,195.0,1.0,4.1,92.0
-0.8500000000000001,20.5,-1.305912751675594,6.24833333333333,-7.819875967085466,0.245901639344262,213.0,1.0,4.1,92.0
-0.725,20.5,-1.1836685789708974,6.24833333333333,-7.701925227116078,0.245901639344262,238.5,1.0,4.1,92.0
-0.6,20.5,-1.0614298605405668,6.24833333333333,-7.584131510631607,0.245901639344262,264.0,1.0,4.1,92.0
-0.4499999999999999,20.5,-0.9147491110496898,6.24833333333333,-7.349013202905894,0.245901639344262,289.5,1.0,3.975,92.0
-0.3,20.5,-0.7680718143150801,6.24833333333333,-7.114517177073878,0.245901639344262,315.0,1.0,3.85,92.0
-0.15,20.5,-0.6214027954886028,6.24833333333333,-6.880639603694988,0.245901639344262,326.5,0.75,3.725,92.0
0.0,20.5,-0.4747389262477205,6.24833333333333,-6.6473766902308284,0.245901639344262,338.0,0.5,3.6,92.0
0.15,20.5,-0.335538723577437,6.24833333333333,-6.472830614805559,0.245901639344262,349.5,0.25,3.725,92.0
0.3,20.0,-0.1969783245127728,6.24833333333333,-6.298626600705461,0.245901639344262,361.0,0.0,3.85,92.0
0.4499999999999999,20.0,-0.0585274014649317,6.24833333333333,-6.124763087869326,0.245901639344262,352.75,0.25,3.975,92.0
0.6,20.0,0.1186171143989524,6.24833333333333,-5.951238527387829,0.245901639344262,344.5,0.5,4.1,92.0
0.725,20.0,0.2408471493476265,6.24833333333333,-5.835743034039126,0.245901639344262,336.25,0.75,3.85,92.0
0.8500000000000001,20.0,0.3630654812206186,6.24833333333333,-5.720397049500946,0.245901639344262,328.0,1.0,3.6,92.0
0.975,20.0,0.4852846720886676,6.24833333333333,-5.605200122960184,0.245901639344262,327.25,1.0,3.35,92.0
1.1,20.0,0.6074959455449057,6.24833333333333,-5.490151805736218,0.245901639344262,326.5,1.0,3.1,92.0
1.25,20.0,0.7542359006648072,6.24833333333333,-5.317856996090825,0.245901639344262,325.75,1.0,3.1,92.0
1.4,20.0,0.9009649603916928,6.24833333333333,-5.145894054857024,0.245901639344262,325.0,1.0,3.1,92.0
1.5499999999999998,20.0,1.047689024958604,6.24833333333333,-4.974261494309303,0.245901639344262,315.25,1.0,3.1,92.0
1.7,20.0,1.1944035844264322,6.24833333333333,-4.802957837175882,0.245901639344262,305.5,1.0,3.1,92.0
1.5499999999999998,20.0,1.047762820575422,6.24833333333333,-4.974261494309303,0.245901639344262,295.75,1.0,2.975,92.0
1.4,20.0,0.9011139004661692,6.24833333333333,-5.145894054857024,0.245901639344262,286.0,1.0,2.85,92.0
1.25,20.0,0.7544618328252463,6.24833333333333,-5.317856996090825,0.245901639344262,262.0,1.0,2.725,92.0
1.1,20.0,0.6077960717087595,6.24833333333333,-5.490151805736218,0.245901639344262,238.0,1.0,2.6,92.0
0.975,20.0,0.4855098972921159,6.24833333333333,-5.605200122960184,0.245901639344262,214.0,1.0,2.975,92.0
0.8500000000000001,20.0,0.363218589137922,6.24833333333333,-5.720397049500946,0.245901639344262,190.0,1.0,3.35,92.0
0.725,20.0,0.2409200381857038,6.24833333333333,-5.835743034039126,0.245901639344262,165.5,0.75,3.725,92.0
0.6,20.0,0.1186171143989524,6.24833333333333,-5.951238527387829,0.245901639344262,141.0,0.5,4.1,92.0
0.6,20.0,0.0732318233100977,6.24833333333333,-6.009042481331676,0.295081967213115,116.5,0.25,4.225,91.25
0.6,20.0,0.0278046871101275,6.24833333333333,-6.066883982506283,0.295081967213115,92.0,0.0,4.35,90.5
0.6,20.0,-0.0580544588733215,6.24833333333333,-6.124763087869326,0.295081967213115,75.25,0.0,4.475,89.75
0.6,20.0,-0.1041401356274909,6.24833333333333,-6.1826798545142765,0.295081967213115,58.5,0.0,4.6,89.0
0.4499999999999999,20.0,-0.1953483883780564,6.24833333333333,-6.298626600705461,0.540983606557377,41.75,0.0,4.35,89.75
0.3,20.5,-0.2872971864083223,6.24833333333333,-6.414724680562358,0.540983606557377,25.0,0.0,4.1,90.5
0.15,20.5,-0.3799867970007559,6.24833333333333,-6.530974555770001,0.540983606557377,0.0,0.0,3.85,91.25
0.0,20.5,-0.4739419879708034,6.24833333333333,-6.6473766902308284,0.540983606557377,0.0,0.0,3.6,92.0
0.15,20.5,-0.4400998485196917,6.24833333333333,-6.58915656151288,0.885245901639344,0.0,0.0,4.125,90.25
0.3,20.5,-0.4085217634239941,6.24833333333333,-6.530974555770001,0.885245901639344,0.0,0.0,4.65,88.5
0.4499999999999999,20.5,-0.3787001221419116,6.24833333333333,-6.472830614805559,0.885245901639344,0.0,0.0,5.175000000000001,86.75
0.6,20.5,-0.3506548606578599,6.24833333333333,-6.414724680562358,0.885245901639344,0.0,0.0,5.7,85.0
0.4499999999999999,20.5,-0.3785845008160642,6.24833333333333,-6.472830614805559,0.885245901639344,0.0,0.0,5.575,86.75
0.3,21.0,-0.4083241338251614,6.24833333333333,-6.530974555770001,0.885245901639344,0.0,0.0,5.45,88.5
0.15,21.0,-0.4398518487955506,6.24833333333333,-6.58915656151288,0.885245901639344,0.0,0.0,5.325,90.25
0.0,21.0,-0.4736789764889606,6.24833333333333,-6.6473766902308284,0.885245901639344,0.0,0.0,5.2,92.0
0.0,21.0,-0.5184987387996515,6.24833333333333,-6.705635000260486,0.885245901639344,0.0,0.0,5.050000000000001,91.25
0.0,21.0,-0.56338857378501,6.24833333333333,-6.763931550078951,0.885245901639344,0.0,0.0,4.9,90.5
0.0,21.0,-0.6083485823308561,6.24833333333333,-6.822266398304009,0.885245901639344,0.0,0.0,4.75,89.75
0.0,21.0,-0.6533843904313262,6.24833333333333,-6.880639603694988,0.885245901639344,0.0,0.0,4.6,89.0
-0.15,21.0,-0.8583825686284487,6.24833333333333,-7.114517177073878,1.0,0.0,0.0,4.875,88.0
-0.3,21.0,-1.062627714941471,6.24833333333333,-7.349013202905894,1.0,0.0,0.0,5.15,87.0
-0.4499999999999999,21.0,-1.266113547020611,6.24833333333333,-7.584131510631607,1.0,0.0,0.0,5.425000000000001,86.0
-0.6,21.0,-1.4688431806339322,6.24833333333333,-7.819875967085466,1.0,0.0,0.0,5.7,85.0
-0.6,21.0,-1.4688431806339322,6.24833333333333,-7.819875967085466,1.0,0.0,0.0,5.575,85.0
-0.6,21.0,-1.4688431806339322,6.24833333333333,-7.819875967085466,1.0,0.0,0.0,5.45,85.0
-0.6,21.0,-1.4688431806339322,6.24833333333333,-7.819875967085466,1.0,0.0,0.0,5.325,85.0
-0.6,21.0,-1.4688431806339322,6.24833333333333,-7.819875967085466,1.0,0.0,0.0,5.2,85.0
-0.725,21.0,-1.58857235149498,6.24833333333333,-7.937984219818816,1.0,0.0,0.0,5.050000000000001,85.0
-0.8500000000000001,21.0,-1.7083104972233103,6.24833333333333,-8.056250476995217,1.0,0.0,0.0,4.9,85.0
-0.975,21.0,-1.8280563672476728,6.24833333333333,-8.174675232709944,1.0,0.0,0.0,4.75,85.0
-1.1,21.0,-1.947814257846197,6.24833333333333,-8.293258983490432,1.0,0.0,0.0,4.6,85.0
-1.1,21.0,-2.048338609659568,6.25555555555555,-8.352610637864302,1.0,0.0,0.0,4.875,83.25
-1.1,21.0,-2.149201647126526,6.25555555555555,-8.412002228312929,1.0,0.0,0.0,5.15,81.5
-1.1,21.0,-2.2504102869615488,6.25555555555555,-8.471433817593663,1.0,0.0,0.0,5.425000000000001,79.75
-1.1,21.0,-2.351959876085132,6.25555555555555,-8.530905468618926,1.0,0.0,0.0,5.7,78.0
-1.25,21.0,-2.5356781468372573,6.25555555555555,-9.247713211163784,1.0,0.0,0.0,5.95,77.25
-1.4,21.0,-2.7187950697070846,6.25555555555555,-9.970409963495,1.0,0.0,0.0,6.2,76.5
-1.5499999999999998,21.0,-2.9013048435622992,6.25555555555555,-10.699109868214803,1.0,0.0,0.0,6.45,75.75
-1.7,21.0,-3.083216966228711,6.25555555555555,-11.43393058345316,1.0,0.0,0.0,6.7,75.0
-1.975,21.0,-3.29695578225045,6.25555555555555,-12.485641532491798,1.0,0.0,0.0,6.45,75.75
-2.25,21.0,-3.512079460499275,6.25555555555555,-13.550238932520584,1.0,0.0,0.0,6.2,76.5
-2.5249999999999995,21.0,-3.7285719830790343,6.25555555555555,-14.628097336506071,1.0,0.0,0.0,5.95,77.25
-2.8,21.0,-3.946414819878417,6.25555555555555,-15.719608694418412,1.0,0.0,0.0,5.7,78.0
-2.6499999999999995,21.0,-3.845496448468788,6.25555555555555,-14.755794042619982,1.0,0.0,0.0,5.575,77.25
-2.5,21.0,-3.745301302432216,6.25555555555555,-13.80264541573132,1.0,0.0,0.0,5.45,76.5
-2.35,21.0,-3.645829722792582,6.25555555555555,-12.859891396975796,1.0,0.0,0.0,5.325,75.75
-2.2,21.0,-3.5470913977604672,6.25555555555555,-11.927271267638332,1.0,0.0,0.0,5.2,75.0
-2.475,21.0,-3.843553040684857,6.25555555555555,-13.424311288860224,1.0,0.0,0.0,5.45,74.25
-2.75,21.0,-4.1389582537235405,6.25555555555555,-14.947694810664132,1.0,0.0,0.0,5.7,73.5
-3.0249999999999995,21.0,-4.433308735455203,6.25555555555555,-16.498529547041073,1.0,0.0,0.0,5.95,72.75
-3.3,21.0,-4.72661892971424,6.25555555555555,-18.077998212879976,1.0,0.0,0.0,6.2,72.0
-3.45,21.0,-4.697377023400508,6.25555555555555,-16.43334821595721,1.0,0.0,0.0,6.325,75.25
-3.6,21.0,-4.671886129658648,6.25555555555555,-14.819713455291549,1.0,0.0,0.0,6.45,78.5
-3.75,21.0,-4.6500648665826025,6.25555555555555,-13.235762570351367,1.0,0.0,0.0,6.575,81.75
-3.9,21.0,-4.631839332865388,6.25555555555555,-11.68025186283478,1.0,0.0,0.0,6.7,85.0
-3.9,21.0,-4.681095514732236,6.25555555555555,-11.741941084571806,1.0,0.0,0.0,6.7,84.0
-3.9,21.0,-4.7304097115293136,6.25555555555555,-11.80367401104263,1.0,0.0,0.0,6.7,83.0
-3.9,21.0,-4.7797820309846495,6.25555555555555,-11.865450714563394,1.0,0.0,0.0,6.7,82.0
-3.9,21.0,-4.8292122754796845,6.25555555555555,-11.927271267638332,1.0,24.0,60.5,6.7,81.0
-3.9,21.0,-4.940853301864336,6.25555555555555,-13.235762570351367,0.868852459016393,35.0,90.75,6.45,78.75
-3.9,20.5,-5.052835831335037,6.25555555555555,-14.564319879412608,0.868852459016393,46.0,121.0,6.2,76.5
-3.9,20.5,-5.165163299135067,6.25555555555555,-15.913676221180651,0.868852459016393,71.75,172.5,5.95,74.25
-3.9,20.5,-5.277829716163981,6.25555555555555,-17.284607600902348,0.868852459016393,97.5,224.0,5.7,72.0
-3.625,20.5,-5.1002709976509495,6.25555555555555,-16.82518347407546,0.409836065573771,123.25,275.5,5.575,70.5
-3.35,20.5,-4.925414011852047,6.25555555555555,-16.36821649645009,0.409836065573771,149.0,327.0,5.45,69.0
-3.075,20.5,-4.753303278959719,6.25555555555555,-15.913676221180651,0.409836065573771,167.5,280.5,5.325,67.5
-2.8,20.5,-4.583994504546234,6.25555555555555,-15.461532790110311,0.409836065573771,186.0,234.0,5.2,66.0
-2.6499999999999995,20.5,-4.516538730893363,6.25555555555555,-15.525979079308629,0.245901639344262,204.5,187.5,5.45,64.75
-2.5,20.5,-4.450428392187341,6.25555555555555,-15.59047376978441,0.245901639344262,223.0,141.0,5.7,63.5
-2.35,20.5,-4.385679986035528,6.25555555555555,-15.655016946441606,0.245901639344262,207.75,281.0,5.95,62.25
-2.2,20.5,-4.322316771724006,6.25555555555555,-15.719608694418412,0.245901639344262,192.5,421.0,6.2,61.0
-2.075,20.5,-4.211477266643448,6.25555555555555,-15.97846311053405,0.245901639344262,177.25,561.0,6.575,61.0
-1.95,20.5,-4.100674585584343,6.25555555555555,-16.238101540333275,0.245901639344262,162.0,701.0,6.95,61.0
-1.825,20.5,-3.9899133385653696,6.25555555555555,-16.498529547041073,0.245901639344262,163.5,720.0,7.325,61.0
-1.7,20.5,-3.879190525118051,6.25555555555555,-16.759752756168382,0.245901639344262,165.0,739.0,7.7,61.0
-1.4249999999999998,20.5,-3.7092831258355767,6.25555555555555,-16.36821649645009,0.245901639344262,166.5,758.0,7.825,59.75
-1.15,20.0,-3.541980990910503,6.25555555555555,-15.97846311053405,0.245901639344262,168.0,777.0,7.949999999999999,58.5
-0.875,20.0,-3.377325609827192,6.25555555555555,-15.59047376978441,0.245901639344262,191.5,584.25,8.075,57.25
-0.6,20.0,-3.215360831659642,6.25555555555555,-15.204229956164454,0.245901639344262,215.0,391.5,8.2,56.0
-0.6,20.0,-3.1688224084064003,6.25555555555555,-13.613271536672755,0.245901639344262,238.5,198.75,8.2,56.75
-0.6,20.0,-3.122354976731587,6.25555555555555,-12.051044213413093,0.245901639344262,262.0,6.0,8.2,57.5
-0.6,20.0,-3.0759584307719106,6.25555555555555,-10.51636572352504,0.245901639344262,270.5,40.0,8.2,58.25
-0.6,20.0,-3.0296295841039083,6.25555555555555,-9.008128500723217,0.245901639344262,279.0,74.0,8.2,59.0
-0.6,20.0,-2.952570573095831,6.25555555555555,-9.36775067081993,0.245901639344262,287.5,108.0,8.2,60.25
-0.6,20.0,-2.875703782407855,6.25555555555555,-9.728849736734674,0.245901639344262,296.0,142.0,8.2,61.5
-0.6,20.0,-2.799028731403273,6.25555555555555,-10.0914399288323,0.245901639344262,285.75,138.25,8.2,62.75
-0.6,20.0,-2.7225450631057515,6.25555555555555,-10.455535694136302,0.245901639344262,275.5,134.5,8.2,64.0
-0.6,20.0,-2.7225450631057515,6.25555555555555,-10.455535694136302,0.245901639344262,265.25,130.75,7.949999999999999,64.0
-0.6,20.0,-2.7225450631057515,6.25555555555555,-10.455535694136302,0.245901639344262,255.0,127.0,7.699999999999999,64.0
-0.6,20.0,-2.7225450631057515,6.25555555555555,-10.455535694136302,0.245901639344262,242.75,108.75,7.45,64.0
-0.6,20.0,-2.7225450631057515,6.25555555555555,-10.455535694136302,0.245901639344262,230.5,90.5,7.2,64.0
-0.725,20.0,-2.83385880090144,6.25555555555555,-10.152017609318364,0.245901639344262,218.25,72.25,7.45,64.0
-0.8500000000000001,20.0,-2.94520595993936,6.25555555555555,-9.849546744481245,0.245901639344262,206.0,54.0,7.699999999999999,64.0
-0.975,20.0,-3.056586380540891,6.25555555555555,-9.548114707428,0.245901639344262,178.0,41.75,7.949999999999999,64.0
-1.1,20.0,-3.168002644753976,6.25555555555555,-9.247713211163784,0.245901639344262,150.0,29.5,8.2,64.0
-1.25,20.0,-3.184407589475911,6.25555555555555,-9.36775067081993,0.295081967213115,122.0,17.25,8.075,66.0
-1.4,20.0,-3.2032033393663597,6.25555555555555,-9.48795222826459,0.295081967213115,94.0,5.0,7.949999999999999,68.0
-1.5499999999999998,20.0,-3.2243545671608023,6.25555555555555,-9.608318407892057,0.295081967213115,75.25,3.75,7.825,70.0
-1.7,20.0,-3.2478233920823727,6.25555555555555,-9.728849736734674,0.295081967213115,56.5,2.5,7.7,72.0
-1.7,20.0,-3.3327417402280606,6.25555555555555,-9.78917749753515,0.540983606557377,37.75,1.25,7.2,70.5
-1.7,20.5,-3.417867663717525,6.25555555555555,-9.849546744481245,0.540983606557377,19.0,0.0,6.7,69.0
-1.7,20.5,-3.5032013960519066,6.25555555555555,-9.90995754420203,0.540983606557377,0.0,0.0,6.2,67.5
-1.7,20.5,-3.588736892240191,6.25555555555555,-9.970409963495,0.540983606557377,0.0,0.0,5.7,66.0
-1.825,20.5,-3.615944603652311,6.25555555555555,-10.030904069326482,0.885245901639344,0.0,0.0,5.95,67.5
-1.95,20.5,-3.644603226927099,6.25555555555555,-10.0914399288323,0.885245901639344,0.0,0.0,6.2,69.0
-2.075,20.5,-3.6746977911127705,6.25555555555555,-10.152017609318364,0.885245901639344,0.0,0.0,6.45,70.5
-2.2,20.5,-3.70620588488461,6.25555555555555,-10.212637178261105,0.885245901639344,0.0,0.0,6.7,72.0
-2.2,20.5,-3.74756966577044,6.25555555555555,-10.2732987033084,0.885245901639344,0.0,0.0,6.825,71.25
-2.2,21.0,-3.7889876530039337,6.25555555555555,-10.334002252279843,0.885245901639344,0.0,0.0,6.95,70.5
-2.2,21.0,-3.830459932819215,6.25555555555555,-10.394747893167448,0.885245901639344,0.0,0.0,7.075,69.75
-2.2,21.0,-3.871983384258647,6.25555555555555,-10.455535694136302,0.885245901639344,0.0,0.0,7.2,69.0
-2.2,21.0,-3.871726125907929,6.25555555555555,-10.455535694136302,0.885245901639344,0.0,0.0,7.2,69.0
-2.2,21.0,-3.871466415120893,6.25555555555555,-10.455535694136302,0.885245901639344,0.0,0.0,7.2,69.0
-2.2,21.0,-3.871204216917645,6.25555555555555,-10.455535694136302,0.885245901639344,0.0,0.0,7.2,69.0
-2.2,21.0,-3.870945686293252,6.25555555555555,-10.455535694136302,0.885245901639344,0.0,0.0,7.2,69.0
-2.35,21.0,-3.884673951254065,6.25555555555555,-10.51636572352504,1.0,0.0,0.0,6.825,71.25
-2.5,21.0,-3.9009058656906914,6.25555555555555,-10.577238049846642,1.0,0.0,0.0,6.45,73.5
-2.6499999999999995,21.0,-3.919594771403416,6.25555555555555,-10.638152741788817,1.0,0.0,0.0,6.075,75.75
-2.8,21.0,-3.9407010036682326,6.25555555555555,-10.699109868214803,1.0,0.0,0.0,5.7,78.0
-2.8,21.0,-3.9407010036682326,6.25555555555555,-10.699109868214803,1.0,0.0,0.0,5.825,78.0
-2.8,21.0,-3.9407010036682326,6.25555555555555,-10.699109868214803,1.0,0.0,0.0,5.95,78.0
-2.8,21.0,-3.9407010036682326,6.25555555555555,-10.699109868214803,1.0,0.0,0.0,6.075,78.0
-2.8,21.0,-3.9407010036682326,6.25555555555555,-10.699109868214803,1.0,0.0,0.0,6.2,78.0
-2.8,21.0,-3.900955763048581,6.25555555555555,-10.638152741788817,1.0,0.0,0.0,6.2,78.75
-2.8,21.0,-3.861270476949331,6.25555555555555,-10.577238049846642,1.0,0.0,0.0,6.2,79.5
-2.8,21.0,-3.821648042305325,6.25555555555555,-10.51636572352504,1.0,0.0,0.0,6.2,80.25
-2.8,21.0,-3.782085368134209,6.25555555555555,-10.455535694136302,1.0,0.0,0.0,6.2,81.0
-2.8,21.0,-3.782085368134209,6.26388888888889,-10.455535694136302,1.0,0.0,0.0,5.550000000000001,81.0
-2.8,21.0,-3.782085368134209,6.26388888888889,-10.455535694136302,1.0,0.0,0.0,4.9,81.0
-2.8,21.0,-3.782085368134209,6.26388888888889,-10.455535694136302,1.0,0.0,0.0,4.25,81.0
-2.8,21.0,-3.782085368134209,6.26388888888889,-10.455535694136302,1.0,0.0,0.0,3.6,81.0
-2.8,21.0,-3.7822390263036505,6.26388888888889,-10.455535694136302,1.0,0.0,0.0,3.075,81.0
-2.8,21.0,-3.782390255419914,6.26388888888889,-10.455535694136302,1.0,0.0,0.0,2.55,81.0
-2.8,21.0,-3.782542076839407,6.26388888888889,-10.455535694136302,1.0,0.0,0.0,2.025,81.0
-2.8,21.0,-3.7826945439310538,6.26388888888889,-10.455535694136302,1.0,0.0,0.0,1.5,81.0
-2.6499999999999995,21.0,-3.627258084710924,6.26388888888889,-10.2732987033084,1.0,0.0,0.0,2.025,81.25
-2.5,21.0,-3.47163118841924,6.26388888888889,-10.0914399288323,1.0,0.0,0.0,2.55,81.5
-2.35,21.0,-3.3158181347897218,6.26388888888889,-9.90995754420203,1.0,0.0,0.0,3.075,81.75
-2.2,21.0,-3.1598175026931923,6.26388888888889,-9.728849736734674,1.0,0.0,0.0,3.6,82.0
-2.35,21.0,-3.2621082552924685,6.26388888888889,-9.90995754420203,1.0,0.0,0.0,3.35,82.75
-2.5,21.0,-3.365111742500007,6.26388888888889,-10.0914399288323,1.0,0.0,0.0,3.1,83.5
-2.6499999999999995,21.0,-3.468824387576533,6.26388888888889,-10.2732987033084,1.0,0.0,0.0,2.85,84.25
-2.8,21.0,-3.573236568686643,6.26388888888889,-10.455535694136302,1.0,0.0,0.0,2.6,85.0
-2.8,21.0,-3.625470986567757,6.26388888888889,-10.943364102196256,1.0,0.0,0.0,2.725,84.0
-2.8,21.0,-3.677794097684488,6.26388888888889,-11.43393058345316,1.0,0.0,0.0,2.85,83.0
-2.8,21.0,-3.7301998544330113,6.26388888888889,-11.927271267638332,1.0,0.0,0.0,2.975,82.0
-2.8,21.0,-3.7826945439310538,6.26388888888889,-12.423423039347256,1.0,0.0,0.0,3.1,81.0
-2.8,21.0,-3.7826945439310538,6.26388888888889,-12.734962103221733,1.0,0.0,0.0,3.225,81.0
-2.8,21.0,-3.7826945439310538,6.26388888888889,-13.047623295940127,1.0,0.0,0.0,3.35,81.0
-2.8,21.0,-3.7826945439310538,6.26388888888889,-13.36141609386152,1.0,0.0,0.0,3.475,81.0
-2.8,21.0,-3.7826945439310538,6.26388888888889,-13.676350099713034,1.0,0.0,0.0,3.6,81.0
-2.6499999999999995,21.0,-3.680243998056583,6.26388888888889,-12.734962103221733,1.0,0.0,0.0,3.475,80.25
-2.5,21.0,-3.578513546947121,6.26388888888889,-11.80367401104263,1.0,0.0,0.0,3.35,79.5
-2.35,21.0,-3.4775066115732467,6.26388888888889,-10.88223654567247,1.0,0.0,0.0,3.225,78.75
-2.2,21.0,-3.377232887136983,6.26388888888889,-9.970409963495,1.0,24.5,39.5,3.1,78.0
-2.2,21.0,-3.377232887136983,6.26388888888889,-10.760109498163956,0.868852459016393,36.75,59.25,2.975,78.0
-2.2,20.5,-3.377232887136983,6.26388888888889,-11.55700424523485,0.868852459016393,49.0,79.0,2.85,78.0
-2.2,20.5,-3.377232887136983,6.26388888888889,-12.361249056876431,0.868852459016393,69.0,76.0,2.725,78.0
-2.2,20.5,-3.377232887136983,6.26388888888889,-13.173004087586833,0.868852459016393,89.0,73.0,2.6,78.0
-1.8,20.5,-3.127651597418037,6.26388888888889,-12.423423039347256,0.409836065573771,109.0,70.0,2.975,75.75
-1.4,20.5,-2.8842048853270934,6.26388888888889,-11.68025186283478,0.409836065573771,129.0,67.0,3.35,73.5
-1.0,20.5,-2.647053811707712,6.26388888888889,-10.943364102196256,0.409836065573771,151.5,51.75,3.725,71.25
-0.6,20.5,-2.416359485851826,6.26388888888889,-10.212637178261105,0.409836065573771,174.0,36.5,4.1,69.0
-0.4499999999999999,20.5,-2.3104831573582736,6.26388888888889,-9.608318407892057,0.245901639344262,196.5,21.25,4.1,68.5
-0.3,20.5,-2.205149699969696,6.26388888888889,-9.008128500723217,0.245901639344262,219.0,6.0,4.1,68.0
-0.15,20.5,-2.1003674476045786,6.26388888888889,-8.412002228312929,0.245901639344262,245.0,7.5,4.1,67.5
0.0,20.5,-1.9961392120216512,6.26388888888889,-7.819875967085466,0.245901639344262,271.0,9.0,4.1,67.0
0.15,20.5,-1.9142481787950647,6.26388888888889,-7.701925227116078,0.245901639344262,297.0,10.5,4.375,66.25
0.3,20.5,-1.833599444419264,6.26388888888889,-7.584131510631607,0.245901639344262,323.0,12.0,4.65,65.5
0.4499999999999999,20.5,-1.753795181725994,6.26388888888889,-7.4664943307371345,0.245901639344262,315.75,12.75,4.925000000000001,64.75
0.6,20.5,-1.6748380402177665,6.26388888888889,-7.349013202905894,0.245901639344262,308.5,13.5,5.2,64.0
1.15,20.5,-1.3250936439804732,6.26388888888889,-6.763931550078951,0.245901639344262,301.25,14.25,5.050000000000001,62.25
1.7,20.0,-0.9830446474316225,6.26388888888889,-6.1826798545142765,0.245901639344262,294.0,15.0,4.9,60.5
2.25,20.0,-0.6488298672707634,6.26388888888889,-5.605200122960184,0.245901639344262,282.25,34.75,4.75,58.75
2.8,20.0,-0.3225951858985561,6.26388888888889,-5.031435730263695,0.245901639344262,270.5,54.5,4.6,57.0
3.075,20.0,0.0371453203012057,6.26388888888889,-5.2031782530513055,0.245901639344262,258.75,74.25,5.0,56.0
3.35,20.0,0.2015333473295818,6.26388888888889,-5.375251651267035,0.245901639344262,247.0,94.0,5.4,55.0
3.625,20.0,0.3636695998553728,6.26388888888889,-5.547657416143238,0.245901639344262,254.5,72.25,5.800000000000001,54.0
3.9,20.0,0.5235225347276107,6.26388888888889,-5.720397049500946,0.245901639344262,262.0,50.5,6.2,53.0
3.75,20.0,0.4703560058859119,6.26388888888889,-5.375251651267035,0.245901639344262,269.5,28.75,5.95,54.0
3.6,20.0,0.4159267546856357,6.26388888888889,-5.031435730263695,0.245901639344262,277.0,7.0,5.7,55.0
3.45,20.0,0.3602557369803847,6.26388888888889,-4.688937398378812,0.245901639344262,256.25,7.25,5.45,56.0
3.3,20.0,0.3033500245865314,6.26388888888889,-4.347744933698607,0.245901639344262,235.5,7.5,5.2,57.0
3.3,20.0,0.3583407135152657,6.26388888888889,-4.291005668255764,0.245901639344262,214.75,7.75,5.050000000000001,57.75
3.3,20.0,0.4132329190414459,6.26388888888889,-4.234302302384492,0.245901639344262,194.0,8.0,4.9,58.5
3.3,20.0,0.468021610730831,6.26388888888889,-4.177634783129861,0.245901639344262,179.5,8.25,4.75,59.25
3.3,20.0,0.5227096724051852,6.26388888888889,-4.121003057659834,0.245901639344262,165.0,8.5,4.6,60.0
3.3,20.0,0.5588359254725119,6.26388888888889,-4.121003057659834,0.245901639344262,150.5,8.75,4.75,60.5
3.3,20.0,0.5949250256875107,6.26388888888889,-4.121003057659834,0.245901639344262,136.0,9.0,4.9,61.0
3.3,20.0,0.6309796334387684,6.26388888888889,-4.121003057659834,0.245901639344262,120.25,8.0,5.050000000000001,61.5
3.3,20.0,0.6669945427207693,6.26388888888889,-4.121003057659834,0.245901639344262,104.5,7.0,5.2,62.0
3.0249999999999995,20.0,0.5125458101963248,6.26388888888889,-4.347744933698607,0.295081967213115,88.75,6.0,5.325,63.25
2.75,20.0,0.355455613795882,6.26388888888889,-4.575062054595946,0.295081967213115,73.0,5.0,5.45,64.5
2.475,20.0,0.1957607522070721,6.26388888888889,-4.802957837175882,0.295081967213115,57.5,4.0,5.575,65.75
2.2,20.0,0.0335073301031594,6.26388888888889,-5.031435730263695,0.295081967213115,42.0,3.0,5.7,67.0
1.9250000000000005,20.0,-0.1460196219377235,6.26388888888889,-5.260499215095706,0.540983606557377,26.5,2.0,5.7,70.0
1.65,20.5,-0.1826946773412917,6.26388888888889,-5.490151805736218,0.540983606557377,11.0,1.0,5.7,73.0
1.375,20.5,-0.2256695948440413,6.26388888888889,-5.720397049500946,0.540983606557377,0.0,0.0,5.7,76.0
1.1,20.5,-0.2747949034147299,6.26388888888889,-5.951238527387829,0.540983606557377,0.0,0.0,5.7,79.0
0.975,20.5,-0.3381062181029902,6.26388888888889,-6.066883982506283,0.885245901639344,0.0,0.0,6.325,79.75
0.8500000000000001,20.5,-0.4020566760878659,6.26388888888889,-6.1826798545142765,0.885245901639344,0.0,0.0,6.949999999999999,80.5
0.725,20.5,-0.4666442638399747,6.26388888888889,-6.298626600705461,0.885245901639344,0.0,0.0,7.574999999999999,81.25
0.6,20.5,-0.531861681291747,6.26388888888889,-6.414724680562358,0.885245901639344,0.0,0.0,8.2,82.0
0.6,20.5,-0.6875659129239892,6.26388888888889,-6.530974555770001,0.885245901639344,0.0,0.0,7.824999999999999,79.5
0.6,21.0,-0.84407984026518,6.26388888888889,-6.6473766902308284,0.885245901639344,0.0,0.0,7.449999999999999,77.0
0.6,21.0,-1.0014073501042902,6.26388888888889,-6.763931550078951,0.885245901639344,0.0,0.0,7.075,74.5
0.6,21.0,-1.1595522568842591,6.26388888888889,-6.880639603694988,0.885245901639344,0.0,0.0,6.7,72.0
0.6,21.0,-1.1913290937390355,6.26388888888889,-6.880639603694988,0.885245901639344,0.0,0.0,6.45,71.5
0.6,21.0,-1.223142928667688,6.26388888888889,-6.880639603694988,0.885245901639344,0.0,0.0,6.2,71.0
0.6,21.0,-1.254990891958317,6.26388888888889,-6.880639603694988,0.885245901639344,0.0,0.0,5.95,70.5
0.6,21.0,-1.2868730888022537,6.26388888888889,-6.880639603694988,0.885245901639344,0.0,0.0,5.7,70.0
0.4499999999999999,21.0,-1.4326869073052495,6.26388888888889,-7.055989952584639,1.0,0.0,0.0,5.825,69.75
0.3,21.0,-1.5784260236986432,6.26388888888889,-7.23168764496387,1.0,0.0,0.0,5.95,69.5
0.15,21.0,-1.7240905517896157,6.26388888888889,-7.407734290504436,1.0,0.0,0.0,6.075,69.25
0.0,21.0,-1.8700970375848955,6.26388888888889,-7.584131510631607,1.0,0.0,0.0,6.2,69.0
-0.15,21.0,-1.960008639964001,6.26388888888889,-7.760880938641264,1.0,0.0,0.0,6.325,69.75
-0.3,21.0,-2.0507468328282927,6.26388888888889,-7.937984219818816,1.0,0.0,0.0,6.45,70.5
-0.4499999999999999,21.0,-2.1422998227224674,6.26388888888889,-8.115443011559535,1.0,0.0,0.0,6.575,71.25
-0.6,21.0,-2.234661928535809,6.26388888888889,-8.293258983490432,1.0,0.0,0.0,6.7,72.0
-0.725,21.0,-2.349251427335482,6.26388888888889,-8.471433817593663,1.0,0.0,0.0,6.95,72.0
-0.8500000000000001,21.0,-2.4638664038545537,6.26388888888889,-8.649969208331584,1.0,0.0,0.0,7.2,72.0
-0.975,21.0,-2.57850310038415,6.26388888888889,-8.828866862773395,1.0,0.0,0.0,7.45,72.0
-1.1,21.0,-2.6931606047774945,6.26388888888889,-9.008128500723217,1.0,0.0,0.0,7.7,72.0
-1.375,21.0,-3.075863535346053,6.27388888888889,-9.427830904605685,1.0,0.0,0.0,7.575,69.75
-1.65,21.0,-3.455395906614714,6.27388888888889,-9.849546744481245,1.0,0.0,0.0,7.45,67.5
-1.9250000000000005,21.0,-3.831738379357734,6.27388888888889,-10.2732987033084,1.0,0.0,0.0,7.325,65.25
-2.2,21.0,-4.204884049076429,6.27388888888889,-10.699109868214803,1.0,0.0,0.0,7.2,63.0
-2.75,21.0,-4.655618516580579,6.27388888888889,-12.112996752068568,1.0,0.0,0.0,6.825,63.75
-3.3000000000000003,21.0,-5.109688441188381,6.27388888888889,-13.550238932520584,1.0,0.0,0.0,6.45,64.5
-3.850000000000001,21.0,-5.567046624515718,6.27388888888889,-15.01175691835789,1.0,0.0,0.0,6.075,65.25
-4.4,21.0,-6.027648186704955,6.27388888888889,-16.498529547041073,1.0,0.0,0.0,5.7,66.0
-4.9750000000000005,21.0,-6.716256398929733,6.27388888888889,-16.5637605779674,1.0,0.0,0.0,5.825,62.5
-5.550000000000001,21.0,-7.395042149435491,6.27388888888889,-16.62904139724884,1.0,0.0,0.0,5.95,59.0
-6.125,21.0,-8.064186408840301,6.27388888888889,-16.694372093645995,1.0,0.0,0.0,6.075,55.5
-6.7,21.0,-8.723901582287816,6.27388888888889,-16.759752756168382,1.0,0.0,0.0,6.2,52.0
-6.9750000000000005,21.0,-8.89047705325654,6.27388888888889,-16.956195434336337,1.0,0.0,0.0,6.2,53.75
-7.25,21.0,-9.060135516194944,6.27388888888889,-17.15309103607177,1.0,0.0,0.0,6.2,55.5
-7.524999999999999,21.0,-9.2328162274627,6.27388888888889,-17.350442005527583,1.0,0.0,0.0,6.2,57.25
-7.8,21.0,-9.408463846856884,6.27388888888889,-17.548250807647207,1.0,0.0,0.0,6.2,59.0
-7.925,21.0,-9.521138473927689,6.27388888888889,-17.74651992840674,1.0,0.0,0.0,6.075,59.0
-8.05,21.0,-9.6338624619416,6.27388888888889,-17.94525187506025,1.0,0.0,0.0,5.95,59.0
-8.175,21.0,-9.74664635699296,6.27388888888889,-18.14444917638906,1.0,0.0,0.0,5.825,59.0
-8.3,21.0,-9.85948369018597,6.27388888888889,-18.344114382954416,1.0,0.0,0.0,5.7,59.0
-8.3,21.0,-9.801349849110856,6.27388888888889,-18.21095212918749,1.0,0.0,0.0,5.7,60.5
-8.3,21.0,-9.74329806868539,6.27388888888889,-18.077998212879976,1.0,0.0,0.0,5.7,62.0
-8.3,21.0,-9.68532827256148,6.27388888888889,-17.94525187506025,1.0,0.0,0.0,5.7,63.5
-8.3,21.0,-9.627440779792856,6.27388888888889,-17.812712361092508,1.0,0.0,0.0,5.7,65.0
-8.450000000000001,21.0,-9.745288354485012,6.27388888888889,-18.01159914392511,1.0,0.0,0.0,5.95,65.5
-8.600000000000001,21.0,-9.863606485780666,6.27388888888889,-18.21095212918749,1.0,0.0,0.0,6.2,66.0
-8.75,21.0,-9.982392224125116,6.27388888888889,-18.41077387475775,1.0,0.0,0.0,6.45,66.5
-8.9,21.0,-10.10163533600689,6.27388888888889,-18.61106696063706,1.0,20.0,0.5,6.7,67.0
-9.025,21.0,-10.290351009565702,6.27388888888889,-18.878862105720486,0.868852459016393,29.5,0.75,6.325,65.0
-9.15,21.0,-10.478022824550328,6.27388888888889,-19.147506049585477,0.868852459016393,39.0,1.0,5.95,63.0
-9.275,21.0,-10.664654421934594,6.27388888888889,-19.417005096340205,0.868852459016393,60.5,1.0,5.575,61.0
-9.4,21.0,-10.850248377835657,6.27388888888889,-19.687365623982856,0.868852459016393,82.0,1.0,5.2,59.0
-9.4,21.0,-10.832259801847492,6.27388888888889,-19.619694376630804,0.409836065573771,103.5,1.0,4.800000000000001,59.5
-9.4,21.0,-10.81427751819047,6.27388888888889,-19.55207727350708,0.409836065573771,125.0,1.0,4.4,60.0
-9.4,21.0,-10.79630498244327,6.27388888888889,-19.48451421363669,0.409836065573771,146.75,1.0,4.0,60.5
-9.4,21.0,-10.778338607589426,6.27388888888889,-19.417005096340205,0.409836065573771,168.5,1.0,3.6,61.0
-9.275,21.0,-10.683035141512418,6.27388888888889,-19.28214828822232,0.245901639344262,190.25,1.0,3.35,60.5
-9.15,21.0,-10.588113060674043,6.27388888888889,-19.147506049585477,0.245901639344262,212.0,1.0,3.1,60.0
-9.025,21.0,-10.493569505729372,6.27388888888889,-19.013077585516584,0.245901639344262,238.25,1.0,2.85,59.5
-8.9,21.0,-10.399412930161844,6.27388888888889,-18.878862105720486,0.245901639344262,264.5,1.0,2.6,59.0
-8.625,21.0,-10.19898881160788,6.27388888888889,-18.61106696063706,0.245901639344262,290.75,1.0,2.325,57.75
-8.35,21.0,-10.00066600677624,6.27388888888889,-18.344114382954416,0.245901639344262,317.0,1.0,2.05,56.5
-8.075,21.0,-9.804487330220226,6.27388888888889,-18.077998212879976,0.245901639344262,330.25,0.75,1.775,55.25
-7.8,21.0,-9.61049359821339,6.27388888888889,-17.812712361092508,0.245901639344262,343.5,0.5,1.5,54.0
-7.649999999999999,21.0,-9.396430473887776,6.27388888888889,-17.548250807647207,0.245901639344262,356.75,0.25,1.125,56.0
-7.5,21.0,-9.181034718179944,6.27388888888889,-17.284607600902348,0.245901639344262,370.0,0.0,0.75,58.0
-7.35,21.0,-8.96430031024803,6.27388888888889,-17.021776856466886,0.245901639344262,369.5,0.25,0.375,60.0
-7.2,21.0,-8.74622859799973,6.27388888888889,-16.759752756168382,0.245901639344262,369.0,0.5,0.0,62.0
-7.35,21.0,-8.851393213758415,6.27388888888889,-16.890664336877478,0.245901639344262,368.5,0.75,0.525,62.75
-7.5,21.0,-8.957231493022391,6.27388888888889,-17.021776856466886,0.245901639344262,368.0,1.0,1.05,63.5
-7.649999999999999,21.0,-9.063731817749412,6.27388888888889,-17.15309103607177,0.245901639344262,365.0,0.75,1.5750000000000002,64.25
-7.8,21.0,-9.170896999650916,6.27388888888889,-17.284607600902348,0.245901639344262,362.0,0.5,2.1,65.0
-7.649999999999999,21.0,-8.973696126728454,6.27388888888889,-17.021776856466886,0.245901639344262,359.0,0.25,2.35,66.5
-7.5,21.0,-8.775476384564808,6.27388888888889,-16.759752756168382,0.245901639344262,356.0,0.0,2.6,68.0
-7.35,21.0,-8.576228745380623,6.27388888888889,-16.498529547041073,0.245901639344262,333.75,0.25,2.85,69.5
-7.2,21.0,-8.375952775779457,6.27388888888889,-16.238101540333275,0.245901639344262,311.5,0.5,3.1,71.0
-7.2,21.0,-8.375952775779457,6.27388888888889,-16.238101540333275,0.245901639344262,289.25,0.75,3.625,71.0
-7.2,21.0,-8.375952775779457,6.27388888888889,-16.238101540333275,0.245901639344262,267.0,1.0,4.15,71.0
-7.2,21.0,-8.375952775779457,6.27388888888889,-16.238101540333275,0.245901639344262,250.75,0.75,4.675000000000001,71.0
-7.2,21.0,-8.375952775779457,6.27388888888889,-16.238101540333275,0.245901639344262,234.5,0.5,5.2,71.0
-7.35,21.0,-8.484607356082446,6.27388888888889,-16.43334821595721,0.245901639344262,218.25,0.25,5.050000000000001,71.75
-7.5,21.0,-8.59391304943197,6.27388888888889,-16.62904139724884,0.245901639344262,202.0,0.0,4.9,72.5
-7.649999999999999,21.0,-8.70386490331649,6.27388888888889,-16.82518347407546,0.245901639344262,178.75,0.0,4.75,73.25
-7.8,21.0,-8.814456972327331,6.27388888888889,-17.021776856466886,0.245901639344262,155.5,0.0,4.6,74.0
-7.8,21.0,-8.814456972327331,6.27388888888889,-17.021776856466886,0.295081967213115,132.25,0.0,5.0,74.0
-7.8,21.0,-8.814456972327331,6.27388888888889,-17.021776856466886,0.295081967213115,109.0,0.0,5.4,74.0
-7.8,21.0,-8.814456972327331,6.27388888888889,-17.021776856466886,0.295081967213115,88.0,0.0,5.800000000000001,74.0
-7.8,21.0,-8.814456972327331,6.27388888888889,-17.021776856466886,0.295081967213115,67.0,0.0,6.2,74.0
-8.075,21.0,-9.042933761756087,6.27388888888889,-17.284607600902348,0.540983606557377,46.0,0.0,5.95,74.75
-8.35,21.0,-9.272625086816433,6.27388888888889,-17.548250807647207,0.540983606557377,25.0,0.0,5.7,75.5
-8.625,21.0,-9.503515024653666,6.27388888888889,-17.812712361092508,0.540983606557377,0.0,0.0,5.45,76.25
-8.9,21.0,-9.735577585739003,6.27388888888889,-18.077998212879976,0.540983606557377,0.0,0.0,5.2,77.0
-8.9,21.0,-9.735577585739003,6.27388888888889,-18.077998212879976,0.885245901639344,0.0,0.0,5.050000000000001,77.0
-8.9,21.0,-9.735577585739003,6.27388888888889,-18.077998212879976,0.885245901639344,0.0,0.0,4.9,77.0
-8.9,21.0,-9.735577585739003,6.27388888888889,-18.077998212879976,0.885245901639344,0.0,0.0,4.75,77.0
-8.9,21.0,-9.735577585739003,6.27388888888889,-18.077998212879976,0.885245901639344,0.0,0.0,4.6,77.0
-9.025,21.0,-9.826626261807348,6.27388888888889,-18.21095212918749,0.885245901639344,0.0,0.0,4.75,77.75
-9.15,21.0,-9.918167849603144,6.27388888888889,-18.344114382954416,0.885245901639344,0.0,0.0,4.9,78.5
-9.275,21.0,-10.010196887720546,6.27388888888889,-18.47748573752233,0.885245901639344,0.0,0.0,5.050000000000001,79.25
-9.4,21.0,-10.102707885923566,6.27388888888889,-18.61106696063706,0.885245901639344,0.0,0.0,5.2,80.0
-9.4,21.0,-10.067162749633832,6.27388888888889,-18.544250067354252,0.885245901639344,0.0,0.0,5.325,81.0
-9.4,21.0,-10.031661412077106,6.27388888888889,-18.47748573752233,0.885245901639344,0.0,0.0,5.45,82.0
-9.4,21.0,-9.996203967267942,6.27388888888889,-18.41077387475775,0.885245901639344,0.0,0.0,5.575,83.0
-9.4,21.0,-9.960790140248438,6.27388888888889,-18.344114382954416,0.885245901639344,0.0,0.0,5.7,84.0
-9.55,21.0,-10.105388982259065,6.27388888888889,-18.544250067354252,1.0,0.0,0.0,5.575,84.0
-9.7,21.0,-10.25001894760957,6.27388888888889,-18.744858824483487,1.0,0.0,0.0,5.45,84.0
-9.85,21.0,-10.394676830600702,6.27388888888889,-18.945943271798512,1.0,0.0,0.0,5.325,84.0
-10.0,21.0,-10.53936682325895,6.27388888888889,-19.147506049585477,1.0,0.0,0.0,5.2,84.0
-10.0,21.0,-10.57320002213028,6.27388888888889,-19.21480039750949,1.0,0.0,0.0,5.575,83.0
-10.0,21.0,-10.607046913560778,6.27388888888889,-19.28214828822232,1.0,0.0,0.0,5.95,82.0
-10.0,21.0,-10.640907588544076,6.27388888888889,-19.34954982123267,1.0,0.0,0.0,6.325,81.0
-10.0,21.0,-10.674783718849987,6.27388888888889,-19.417005096340205,1.0,0.0,0.0,6.7,80.0
-10.275,21.0,-10.904164384945798,6.27388888888889,-19.687365623982856,1.0,0.0,0.0,7.225,81.0
-10.55,21.0,-11.134941887576762,6.27388888888889,-19.95859408558755,1.0,0.0,0.0,7.75,82.0
-10.825,21.0,-11.367090339104855,6.27388888888889,-20.23069701051457,1.0,0.0,0.0,8.275,83.0
-11.1,21.0,-11.600580991807062,6.27388888888889,-20.503681005645547,1.0,0.0,0.0,8.8,84.0
-11.25,21.0,-11.77658318342884,6.28611111111111,-20.70900122316141,1.0,0.0,0.0,9.05,83.0
-11.4,21.0,-11.95198514756562,6.28611111111111,-20.91482365172118,1.0,0.0,0.0,9.3,82.0
-11.55,21.0,-12.126800616173984,6.28611111111111,-21.12115116697973,1.0,0.0,0.0,9.55,81.0
-11.7,21.0,-12.30102893667728,6.28611111111111,-21.32798667055198,1.0,0.0,0.0,9.8,80.0
-11.974999999999998,21.0,-12.728079045939612,6.28611111111111,-23.354184965290276,1.0,0.0,0.0,9.15,74.5
-12.25,21.0,-13.149466090562097,6.28611111111111,-25.430924857509662,1.0,0.0,0.0,8.5,69.0
-12.525000000000002,21.0,-13.565227290663389,6.28611111111111,-27.561249586153195,1.0,0.0,0.0,7.85,63.5
-12.8,21.0,-13.975420581313893,6.28611111111111,-29.74850064066098,1.0,0.0,0.0,7.2,58.0
-12.925,21.0,-14.110768356524945,6.28611111111111,-30.593790909574977,1.0,0.0,0.0,7.2,57.25
-13.05,21.0,-14.245799275203778,6.28611111111111,-31.448012051773983,1.0,0.0,0.0,7.2,56.5
-13.175,21.0,-14.380517172430222,6.28611111111111,-32.311387388241656,1.0,0.0,0.0,7.2,55.75
-13.3,21.0,-14.514923472620564,6.28611111111111,-33.18414914261817,1.0,0.0,0.0,7.2,55.0
-13.45,21.0,-14.671802742039503,6.28611111111111,-33.42383565861576,1.0,0.0,0.0,6.95,54.25
-13.6,21.0,-14.82833440725042,6.28611111111111,-33.66424327939757,1.0,0.0,0.0,6.7,53.5
-13.75,21.0,-14.984523719998824,6.28611111111111,-33.90537708745086,1.0,0.0,0.0,6.45,52.75
-13.9,21.0,-15.14036909509022,6.28611111111111,-34.14724222178279,1.0,0.0,0.0,6.2,52.0
-14.025,21.0,-15.23434317534147,6.28611111111111,-34.22802734664896,1.0,0.0,0.0,6.325,52.75
-14.15,21.0,-15.328772737433846,6.28611111111111,-34.308894500777484,1.0,0.0,0.0,6.45,53.5
-14.275,21.0,-15.42365264078681,6.28611111111111,-34.389843878781164,1.0,0.0,0.0,6.575,54.25
-14.4,21.0,-15.518977722157144,6.28611111111111,-34.47087567599934,1.0,0.0,0.0,6.7,55.0
-14.7,21.0,-15.781533055494378,6.28611111111111,-34.79583098944124,1.0,0.0,0.0,6.45,55.5
-15.0,21.0,-16.045060396258485,6.28611111111111,-35.122120828903434,1.0,0.0,0.0,6.2,56.0
-15.3,21.0,-16.30953649709827,6.28611111111111,-35.44975805297213,1.0,0.0,0.0,5.95,56.5
-15.6,21.0,-16.574956653053256,6.28611111111111,-35.778755716006685,1.0,0.0,0.0,5.7,57.0
-15.725,21.0,-16.72447193727445,6.28611111111111,-36.02640471696358,1.0,0.0,0.0,5.825,55.5
-15.85,21.0,-16.873401631560096,6.28611111111111,-36.27483208290488,1.0,0.0,0.0,5.95,54.0
-15.975,21.0,-17.02175152727677,6.28611111111111,-36.52404354616348,1.0,0.0,0.0,6.075,52.5
-16.1,21.0,-17.169523510610343,6.28611111111111,-36.77404490569259,1.0,16.5,236.5,6.2,51.0
-15.975,21.0,-17.021312910540395,6.28611111111111,-36.52404354616348,0.868852459016393,23.25,343.75,6.2,52.5
-15.85,21.0,-16.87254413155258,6.28611111111111,-36.27483208290488,0.868852459016393,30.0,451.0,6.2,54.0
-15.725,21.0,-16.723219457594574,6.28611111111111,-36.02640471696358,0.868852459016393,35.75,526.0,6.2,55.5
-15.6,21.0,-16.573332401936334,6.28611111111111,-35.778755716006685,0.868852459016393,41.5,601.0,6.2,57.0
-15.3,21.0,-16.336439615421437,6.28611111111111,-35.53187941328221,0.409836065573771,47.25,676.0,6.575,55.25
-15.0,21.0,-16.101827495574533,6.28611111111111,-35.28577020660032,0.409836065573771,53.0,751.0,6.95,53.5
-14.7,21.0,-15.869536587403545,6.28611111111111,-35.040422557334324,0.409836065573771,57.75,780.25,7.325,51.75
-14.4,21.0,-15.63963161465481,6.28611111111111,-34.79583098944124,0.409836065573771,62.5,809.5,7.7,50.0
-14.125,21.0,-15.35820451287763,6.28611111111111,-34.389843878781164,0.245901639344262,67.25,838.75,7.7,51.25
-13.85,21.0,-15.075821822556868,6.28611111111111,-33.9859172849967,0.245901639344262,72.0,868.0,7.7,52.5
-13.575,21.0,-14.792461916391366,6.28611111111111,-33.58402697047086,0.245901639344262,75.5,882.75,7.7,53.75
-13.3,21.0,-14.50809773577342,6.28611111111111,-33.18414914261817,0.245901639344262,79.0,897.5,7.7,55.0
-12.900000000000002,21.0,-14.19218663120072,6.28611111111111,-32.78626044281614,0.245901639344262,82.5,912.25,7.825,53.25
-12.5,21.0,-13.879901787732727,6.28611111111111,-32.390337935682595,0.245901639344262,86.0,927.0,7.949999999999999,51.5
-12.099999999999998,21.0,-13.571332506873114,6.28611111111111,-31.996359098686668,0.245901639344262,88.0,931.75,8.075,49.75
-11.7,21.0,-13.26658854542169,6.28611111111111,-31.60430181208085,0.245901639344262,90.0,936.5,8.2,48.0
-11.124999999999998,21.0,-12.787491948960993,6.28611111111111,-31.05860852104817,0.245901639344262,92.0,941.25,7.449999999999999,47.0
-10.55,21.0,-12.312768308555476,6.28611111111111,-30.516580583359,0.245901639344262,94.0,946.0,6.699999999999999,46.0
-9.975,21.0,-11.842527650715532,6.28611111111111,-29.978161062446816,0.245901639344262,94.5,949.5,5.95,45.0
-9.4,21.0,-11.37688453561015,6.28611111111111,-29.44329439935683,0.245901639344262,95.0,953.0,5.2,44.0
-9.4,21.0,-11.43109441836486,6.28611111111111,-29.519488470134547,0.245901639344262,95.5,956.5,5.95,42.5
-9.4,21.0,-11.485369721215443,6.28611111111111,-29.595754095859093,0.245901639344262,96.0,960.0,6.699999999999999,41.0
-9.4,21.0,-11.53971016917438,6.28611111111111,-29.672091433523065,0.245901639344262,95.0,957.75,7.449999999999999,39.5
-9.4,21.0,-11.594115827933814,6.28611111111111,-29.74850064066098,0.245901639344262,94.0,955.5,8.2,38.0
-9.4,21.0,-11.621343410898138,6.28611111111111,-29.82498187535191,0.245901639344262,93.0,953.25,8.35,37.25
-9.4,21.0,-11.648587575073217,6.28611111111111,-29.90153529622191,0.245901639344262,92.0,951.0,8.5,36.5
-9.4,21.0,-11.675847403861752,6.28611111111111,-29.978161062446816,0.245901639344262,89.25,940.25,8.65,35.75
-9.4,21.0,-11.703124572008791,6.28611111111111,-30.054859333754592,0.245901639344262,86.5,929.5,8.8,35.0
-9.275,21.0,-11.597439581360762,6.28611111111111,-29.90153529622191,0.245901639344262,83.75,918.75,8.275,35.0
-9.15,21.0,-11.491859457400418,6.28611111111111,-29.74850064066098,0.245901639344262,81.0,908.0,7.75,35.0
-9.025,21.0,-11.386382393290711,6.28611111111111,-29.595754095859093,0.245901639344262,83.5,866.0,7.225,35.0
-8.9,21.0,-11.281008838140885,6.28611111111111,-29.44329439935683,0.245901639344262,86.0,824.0,6.7,35.0
-8.9,21.0,-11.205738661035088,6.28611111111111,-28.987623904637616,0.245901639344262,88.5,782.0,6.95,37.0
-8.9,21.0,-11.13059603218966,6.28611111111111,-28.53449041936236,0.245901639344262,91.0,740.0,7.2,39.0
-8.9,21.0,-11.055580115509208,6.28611111111111,-28.0838612275148,0.245901639344262,79.25,718.5,7.45,41.0
-8.9,21.0,-10.980692801763396,6.28611111111111,-27.635704271202,0.245901639344262,67.5,697.0,7.7,43.0
-9.175,21.0,-11.227476965327885,6.28611111111111,-28.233794695529923,0.295081967213115,55.75,675.5,7.7,42.75
-9.45,21.0,-11.47434374648422,6.28611111111111,-28.83629914895596,0.295081967213115,44.0,654.0,7.7,42.5
-9.725,21.0,-11.721299803215327,6.28611111111111,-29.44329439935683,0.295081967213115,38.0,544.75,7.7,42.25
-10.0,21.0,-11.968353511344182,6.28611111111111,-30.054859333754592,0.295081967213115,32.0,435.5,7.7,42.0
-10.425,21.0,-12.26970325824432,6.28611111111111,-30.43944389600713,0.540983606557377,26.0,326.25,7.075,44.0
-10.85,21.0,-12.576232464849904,6.28611111111111,-30.825865366708086,0.540983606557377,20.0,217.0,6.45,46.0
-11.275,21.0,-12.887778015168264,6.28611111111111,-31.21414434914161,0.540983606557377,0.0,0.0,5.825,48.0
-11.7,21.0,-13.204206974858565,6.28611111111111,-31.60430181208085,0.540983606557377,0.0,0.0,5.2,50.0
-11.825,21.0,-13.331222000202317,6.28611111111111,-31.760895539878845,0.885245901639344,0.0,0.0,5.2,49.5
-11.95,21.0,-13.458046471708473,6.28611111111111,-31.917794618188168,0.885245901639344,0.0,0.0,5.2,49.0
-12.075,21.0,-13.58468175030588,6.28611111111111,-32.07500043994321,0.885245901639344,0.0,0.0,5.2,48.5
-12.2,21.0,-13.711131241019098,6.28611111111111,-32.23251440808957,0.885245901639344,0.0,0.0,5.2,48.0
-12.349999999999998,21.0,-13.772193827525909,6.28611111111111,-32.311387388241656,0.885245901639344,0.0,0.0,5.2,50.5
-12.5,21.0,-13.835061224910072,6.28611111111111,-32.390337935682595,0.885245901639344,0.0,0.0,5.2,53.0
-12.650000000000002,21.0,-13.899701498520953,6.28611111111111,-32.46936622864024,0.885245901639344,0.0,0.0,5.2,55.5
-12.8,21.0,-13.96609773038269,6.28611111111111,-32.5484724459869,0.885245901639344,0.0,0.0,5.2,58.0
-12.8,21.0,-14.000981645559769,6.28611111111111,-32.6276567672424,0.885245901639344,0.0,0.0,5.45,56.75
-12.8,21.0,-14.035874150713653,6.28611111111111,-32.70691937257729,0.885245901639344,0.0,0.0,5.7,55.5
-12.8,21.0,-14.07077742832881,6.28611111111111,-32.78626044281614,0.885245901639344,0.0,0.0,5.95,54.25
-12.8,21.0,-14.105689343672948,6.28611111111111,-32.865680159440785,0.885245901639344,0.0,0.0,6.2,53.0
-12.925,21.0,-14.225985007100368,6.28611111111111,-32.94517870459339,1.0,0.0,0.0,5.550000000000001,52.75
-13.05,21.0,-14.34622529659537,6.28611111111111,-33.02475626108006,1.0,0.0,0.0,4.9,52.5
-13.175,21.0,-14.46641131281896,6.28611111111111,-33.10441301237381,1.0,0.0,0.0,4.25,52.25
-13.3,21.0,-14.58654424046035,6.28611111111111,-33.18414914261817,1.0,0.0,0.0,3.6,52.0
-13.45,21.0,-14.722584511353135,6.28611111111111,-33.42383565861576,1.0,0.0,0.0,4.0,52.0
-13.6,21.0,-14.858728782659869,6.28611111111111,-33.66424327939757,1.0,0.0,0.0,4.4,52.0
-13.75,21.0,-14.99497911039964,6.28611111111111,-33.90537708745086,1.0,0.0,0.0,4.800000000000001,52.0
-13.9,21.0,-15.131328008425392,6.28611111111111,-34.14724222178279,1.0,0.0,0.0,5.2,52.0
-13.75,21.0,-14.9032086697065,6.28611111111111,-31.448012051773983,1.0,0.0,0.0,4.800000000000001,55.5
-13.6,21.0,-14.673283054176022,6.28611111111111,-28.83629914895596,1.0,0.0,0.0,4.4,59.0
-13.45,21.0,-14.44154527982558,6.28611111111111,-26.30575573629966,1.0,0.0,0.0,4.0,62.5
-13.3,21.0,-14.207984927868912,6.28611111111111,-23.850728867132347,1.0,0.0,0.0,3.6,66.0
